driver_id,frame_idx,route_idx,actual_profit,matched_riders,feasible_count,route_distance_m,route_duration_s,corridor_cell_count,hour_of_day,day_of_week,is_weekend,corridor_rider_count,corridor_demand_density,mean_rider_fare,corridor_fare_density,day_of_month,time_bin_15min,hour_sin,hour_cos,route_sinuosity,route_avg_speed_ms,bearing_sin,bearing_cos,straight_line_dist_m,origin_landmark_dist_km,dest_landmark_dist_km,origin_jfk_km,origin_lga_km,origin_penn_km,origin_times_sq_km,dest_jfk_km,dest_lga_km,dest_penn_km,dest_times_sq_km,corridor_hist_pickups,corridor_hist_dropoffs,corridor_hist_pickup_density,corridor_hist_dropoff_density,corridor_hist_mean_fare,corridor_hist_fare_density,origin_cell_pickups,origin_cell_mean_fare,dest_cell_dropoffs
0,8048,0,-8.021232306411324,0,0,19267.0,1481.5,189,3,2,0,0,0.0,0.0,0.0,15,13,0.7071067811865476,0.7071067811865476,1.385421118882242,13.005062436719541,-0.2951508767111743,-0.9554506580544205,13906.962826973951,2.2660627568955536,7.207420189860567,20.71256049821408,7.213830641691975,3.4856219316306776,2.488946436443454,19.36267744103557,18.21451479518597,11.45325068131654,12.36578594773628,956448,1019176,5060.571428571428,5392.465608465608,12.921063676929263,57996.157566137525,27882,10.714586471558711,184
0,8048,1,-9.38975853455454,0,0,22554.2,1643.3,221,3,2,0,0,0.0,0.0,0.0,15,13,0.7071067811865476,0.7071067811865476,1.6217919239888858,13.724943710825778,-0.2951508767111743,-0.9554506580544205,13906.962826973951,2.2660627568955536,7.207420189860567,20.71256049821408,7.213830641691975,3.4856219316306776,2.488946436443454,19.36267744103557,18.21451479518597,11.45325068131654,12.36578594773628,643917,661330,2913.651583710407,2992.443438914027,13.921868211653596,31810.672307692315,27882,10.714586471558711,184
1,8123,0,-6.532805995004163,0,0,15691.8,1201.7,147,7,6,1,0,0.0,0.0,0.0,19,31,0.9659258262890683,-0.25881904510252063,1.575616347557949,13.058001165016226,0.9731720722057482,0.23007850373029198,9959.150287010383,0.5090430172206863,0.38936499864383095,21.543310128411058,9.821903818829377,0.6799792569891528,0.5090430172206863,16.72145316280262,0.38936499864383095,10.614903723268572,9.776944383153683,1045592,957349,7112.8707482993195,6512.578231292517,16.13764053334689,86315.64673469384,32142,10.384344471408125,27700
1,8123,1,-2.3776852622814335,1,1,14118.2,1279.9,137,7,6,1,1,0.0072992700729927005,7.0,0.051094890510948905,19,31,0.9659258262890683,-0.25881904510252063,1.4176108998389374,11.030705523869052,0.9731720722057482,0.23007850373029198,9959.150287010383,0.5090430172206863,0.38936499864383095,21.543310128411058,9.821903818829377,0.6799792569891528,0.5090430172206863,16.72145316280262,0.38936499864383095,10.614903723268572,9.776944383153683,1949696,1784686,14231.357664233577,13026.905109489051,13.906929581353609,161308.57007299268,32142,10.384344471408125,27700
2,9430,0,-9.321482098251458,0,0,22390.2,2097.6,218,16,4,0,0,0.0,0.0,0.0,17,65,-0.8660254037844385,-0.5000000000000004,1.2242002409491504,10.674199084668192,-0.9643748736730915,0.2645394167756645,18289.65495272274,0.506643983977216,3.3206119937295715,0.506643983977216,16.621799984503404,21.34964031522318,21.273309816573892,18.728211542332442,13.998036272676378,6.96409978257723,7.812236330655084,52204,70145,239.4678899082569,321.76605504587155,15.980537179624129,3659.6083027522936,5953,21.367554174365868,2027
2,9430,1,-13.02073272273106,0,0,31275.8,2147.8,303,16,4,0,0,0.0,0.0,0.0,17,65,-0.8660254037844385,-0.5000000000000004,1.7100267927878017,14.561784151224508,-0.9643748736730915,0.2645394167756645,18289.65495272274,0.506643983977216,3.3206119937295715,0.506643983977216,16.621799984503404,21.34964031522318,21.273309816573892,18.728211542332442,13.998036272676378,6.96409978257723,7.812236330655084,80225,125211,264.76897689768975,413.23762376237624,18.51807823171718,3961.879372937295,5953,21.367554174365868,2027
3,20866,0,-4.997169025811824,0,0,12003.2,1161.6,119,0,2,0,1,0.008403361344537815,8.0,0.06722689075630252,1,1,0.0,1.0,1.392814529348285,10.333333333333334,0.5470398384816588,-0.837106573330995,8617.945711419628,0.8825454605447232,7.271943893932791,21.9897848480807,9.130264339658316,1.9370463551242194,0.8825454605447232,14.054034809809178,9.546580750194224,7.998276220765676,8.165571677372522,1081491,972766,9088.159663865546,8174.504201680672,14.108518881545363,95244.16764705883,61262,10.538128040220693,1084
3,20866,1,-2.476477935054122,1,1,13154.5,1191.3,128,0,2,0,4,0.03125,9.0,0.28125,1,1,0.0,1.0,1.5264078517655304,11.042138839922774,0.5470398384816588,-0.837106573330995,8617.945711419628,0.8825454605447232,7.271943893932791,21.9897848480807,9.130264339658316,1.9370463551242194,0.8825454605447232,14.054034809809178,9.546580750194224,7.998276220765676,8.165571677372522,1625237,1526352,12697.1640625,11924.625,14.571921617627746,133775.87515625,61262,10.538128040220693,1084
4,22134,0,-12.471565362198168,0,0,29956.7,2169.6,287,1,1,0,0,0.0,0.0,0.0,21,7,0.25881904510252074,0.9659258262890683,1.535472047905242,13.807476032448378,-0.8835694919188115,0.4683000672115405,19509.76576933995,0.499997346738747,2.717799632251785,0.499997346738747,16.62349973840188,21.360143815622187,21.283017102289527,19.9807416481828,11.013788686141536,2.717799632251785,3.491093304953345,1080612,953013,3765.198606271777,3320.602787456446,19.08369428998029,41065.41121951219,5953,21.367554174365868,14996
4,22134,1,-10.231723563696919,0,0,24576.6,2255.0,239,1,1,0,0,0.0,0.0,0.0,21,7,0.25881904510252074,0.9659258262890683,1.2597075890384444,10.898713968957871,-0.8835694919188115,0.4683000672115405,19509.76576933995,0.499997346738747,2.717799632251785,0.499997346738747,16.62349973840188,21.360143815622187,21.283017102289527,19.9807416481828,11.013788686141536,2.717799632251785,3.491093304953345,531904,474058,2225.539748953975,1983.5062761506276,15.623988213341116,26343.239163179926,5953,21.367554174365868,14996
5,25686,0,-10.886344712739385,0,0,26149.0,1765.1,253,7,3,0,0,0.0,0.0,0.0,2,31,0.9659258262890683,-0.25881904510252063,1.5672649293664975,14.814458104356694,-0.9396105815831709,-0.3422454601261138,16684.479764738728,0.4437301913264692,13.964821282116954,21.47939515084423,10.44796334932855,0.4437301913264692,1.3442019992997902,34.21396360641082,27.130805579015117,16.674035680057422,17.614912582070723,1131398,946178,4471.928853754941,3739.8339920948615,25.207047837871368,48419.19359683795,39432,10.66279443091905,18
5,25686,1,-11.40803497085762,0,0,27402.1,1792.9,265,7,3,0,1,0.0037735849056603774,7.0,0.026415094339622643,2,31,0.9659258262890683,-0.25881904510252063,1.6423706574245172,15.283674493836799,-0.9396105815831709,-0.3422454601261138,16684.479764738728,0.4437301913264692,13.964821282116954,21.47939515084423,10.44796334932855,0.4437301913264692,1.3442019992997902,34.21396360641082,27.130805579015117,16.674035680057422,17.614912582070723,946521,881483,3571.7773584905663,3326.3509433962263,25.96076462164495,38136.52762264151,39432,10.66279443091905,18
6,27708,0,-4.424687760199834,2,2,29844.1,2026.3,291,18,3,0,4,0.013745704467353952,8.375,0.11512027491408934,16,72,-1.0,-1.8369701987210297e-16,1.4075375945999549,14.728371909391502,-0.8739901673707687,0.48594360510167817,21203.057108028563,0.9573731995247465,1.5747467212938606,0.9573731995247465,16.189602494194933,20.9098108664019,20.829051235724304,22.121154842959406,11.849448573005901,1.5747467212938606,2.6461490103661873,1552885,1435236,5336.374570446736,4932.082474226804,18.69805406098051,57593.91182130583,822,20.872992700729924,27896
6,27708,1,-10.5007493755204,0,0,25222.8,2210.9,254,18,3,0,3,0.011811023622047244,8.666666666666666,0.10236220472440945,16,72,-1.0,-1.8369701987210297e-16,1.1895831752700112,11.408385725270252,-0.8739901673707687,0.48594360510167817,21203.057108028563,0.9573731995247465,1.5747467212938606,0.9573731995247465,16.189602494194933,20.9098108664019,20.829051235724304,22.121154842959406,11.849448573005901,1.5747467212938606,2.6461490103661873,895192,817063,3524.3779527559054,3216.783464566929,15.136920381783353,40633.968858267704,822,20.872992700729924,27896
7,29923,0,-10.522980849292258,0,0,25276.2,1602.5,249,12,4,0,1,0.004016064257028112,7.5,0.030120481927710843,24,50,1.2246467991473532e-16,-1.0,1.4169547050490194,15.772979719188768,-0.913368596562865,-0.40713364736015417,17838.396605010443,0.47540550786818125,14.511499472364942,21.70926849208685,10.047126624621038,0.47540550786818125,0.6150291107130138,34.485823872394384,27.810125994489805,17.379800325355642,18.337981929638985,720184,689739,2892.3052208835343,2770.0361445783133,26.42278964799888,31024.01598393574,32142,10.384344471408125,11
7,29923,1,-6.0378434637801845,1,1,25311.9,1706.9,254,12,4,0,4,0.015748031496062992,7.375,0.11614173228346457,24,50,1.2246467991473532e-16,-1.0,1.4189560059949784,14.829163981486905,-0.913368596562865,-0.40713364736015417,17838.396605010443,0.47540550786818125,14.511499472364942,21.70926849208685,10.047126624621038,0.47540550786818125,0.6150291107130138,34.485823872394384,27.810125994489805,17.379800325355642,18.337981929638985,1421424,1208681,5596.157480314961,4758.586614173229,23.353895753880895,60321.744999999995,32142,10.384344471408125,11
8,31886,0,-12.285428809325563,0,0,29509.6,2308.7,282,1,3,0,0,0.0,0.0,0.0,30,6,0.25881904510252074,0.9659258262890683,1.4073365632690942,12.781911898471002,-0.9383640294262935,0.345648590737544,20968.402847043435,0.48960764301960374,0.37178473886823155,0.48960764301960374,16.628001430030398,21.376937892647256,21.298723479498136,21.39185533218764,14.051496626293607,4.8967394100907375,5.930412200838764,193455,211513,686.0106382978723,750.0460992907801,15.8015998200434,10315.756843971634,5953,21.367554174365868,17866
8,31886,1,-13.545170691090759,0,0,32535.5,2462.9,312,1,3,0,1,0.003205128205128205,9.0,0.028846153846153848,30,6,0.25881904510252074,0.9659258262890683,1.5516441684821758,13.210239961021559,-0.9383640294262935,0.345648590737544,20968.402847043435,0.48960764301960374,0.37178473886823155,0.48960764301960374,16.628001430030398,21.376937892647256,21.298723479498136,21.39185533218764,14.051496626293607,4.8967394100907375,5.930412200838764,743380,701972,2382.628205128205,2249.9102564102564,18.444851034921186,29993.01464743589,5953,21.367554174365868,17866
9,35442,0,2.567860116569525,2,2,14849.5,1148.7,147,21,3,0,5,0.034013605442176874,7.7,0.2619047619047619,16,87,-0.7071067811865477,0.7071067811865474,1.4353569971339077,12.927222077130669,-0.997605006774686,0.06916827638504983,10345.509883360854,1.3033568709773509,1.9185723235732217,15.87842824058739,1.3033568709773509,11.203920876246315,10.412056017869226,22.95232729726709,9.371648823538093,2.838266776115485,1.9185723235732217,1351547,1183112,9194.197278911564,8048.380952380952,13.988771205064381,107566.8644897959,29119,26.50612761427247,12040
9,35442,1,7.353372189841798,3,3,14163.7,1191.2,138,21,3,0,6,0.043478260869565216,7.916666666666667,0.3442028985507246,16,87,-0.7071067811865477,0.7071067811865474,1.369067369292268,11.89027871054399,-0.997605006774686,0.06916827638504983,10345.509883360854,1.3033568709773509,1.9185723235732217,15.87842824058739,1.3033568709773509,11.203920876246315,10.412056017869226,22.95232729726709,9.371648823538093,2.838266776115485,1.9185723235732217,1348860,1186733,9774.347826086956,8599.514492753624,13.971887691106662,114271.64181159419,29119,26.50612761427247,12040
10,45925,0,-6.151457119067446,1,1,30388.8,2014.9,294,11,2,0,6,0.02040816326530612,8.916666666666666,0.18197278911564627,15,46,0.258819045102521,-0.9659258262890682,1.3746787578418627,15.082038810859098,-0.7295646425752573,0.6839118600404858,22106.11011965299,1.1573141513015528,2.7704770287713782,1.1573141513015528,16.10885282138615,20.688059543907602,20.619218937703444,23.244555565504346,9.050616483741477,3.7272863330029575,2.7704770287713782,1333562,1201656,4535.925170068027,4087.265306122449,18.31042256745551,47603.04540816327,2018,20.14430128840436,20464
10,45925,1,-7.037676935886763,1,1,32517.5,2127.5,313,11,2,0,7,0.022364217252396165,8.5,0.1900958466453674,15,46,0.258819045102521,-0.9659258262890682,1.4709734016520155,15.28437132784959,-0.7295646425752573,0.6839118600404858,22106.11011965299,1.1573141513015528,2.7704770287713782,1.1573141513015528,16.10885282138615,20.688059543907602,20.619218937703444,23.244555565504346,9.050616483741477,3.7272863330029575,2.7704770287713782,1456798,1270953,4654.306709265175,4060.552715654952,16.630275229290422,54270.78936102238,2018,20.14430128840436,20464
11,52914,0,-4.810158201498751,0,0,11554.0,1065.2,111,5,1,0,0,0.0,0.0,0.0,7,21,0.9659258262890683,0.25881904510252074,1.2905793812679158,10.846789335336087,0.9884357667349182,0.15164014982567883,8952.56825554496,0.7443507243468805,0.29168143602267727,21.589986480247255,8.956918747197344,1.8056030375190957,0.7443507243468805,16.833424815630924,0.29168143602267727,10.449656214338527,9.607147498171617,1043742,940415,9403.081081081082,8472.207207207208,13.474375168361464,107533.42306306303,64179,10.623190607519593,1450
11,52914,1,-5.341756869275605,0,0,12830.9,1099.8,123,5,1,0,0,0.0,0.0,0.0,7,21,0.9659258262890683,0.25881904510252074,1.433208843959711,11.666575741043827,0.9884357667349182,0.15164014982567883,8952.56825554496,0.7443507243468805,0.29168143602267727,21.589986480247255,8.956918747197344,1.8056030375190957,0.7443507243468805,16.833424815630924,0.29168143602267727,10.449656214338527,9.607147498171617,1047374,929588,8515.235772357724,7557.626016260163,13.617517744858665,97599.53715447153,64179,10.623190607519593,1450
12,58197,0,-12.521523730224814,0,0,30076.7,2104.9,290,10,0,0,1,0.0034482758620689655,5.5,0.01896551724137931,20,41,0.49999999999999994,-0.8660254037844387,1.4298516151905951,14.288897334790251,0.9120894293219495,-0.4099913083458728,21034.840035475194,1.4702194963144244,0.5367794838373294,21.121944853467166,12.42840136279297,3.1002502927865776,4.110172740986817,0.5367794838373294,16.725452831264544,21.68424007872176,21.58756377390779,748565,660530,2581.2586206896553,2277.689655172414,18.16875233786738,30634.936586206903,18030,11.51016084303938,180
12,58197,1,-10.209283930058286,0,0,24522.7,2237.0,245,10,0,0,1,0.004081632653061225,5.5,0.022448979591836733,20,41,0.49999999999999994,-0.8660254037844387,1.1658134770049375,10.962315601251676,0.9120894293219495,-0.4099913083458728,21034.840035475194,1.4702194963144244,0.5367794838373294,21.121944853467166,12.42840136279297,3.1002502927865776,4.110172740986817,0.5367794838373294,16.725452831264544,21.68424007872176,21.58756377390779,736648,644855,3006.726530612245,2632.061224489796,15.2574823563006,35508.55791836734,18030,11.51016084303938,180
13,63493,0,-5.26194837635304,0,0,12639.2,1134.0,125,14,3,0,2,0.016,7.75,0.124,16,56,-0.4999999999999997,-0.8660254037844388,1.3510817813184843,11.14567901234568,0.9832681618715794,0.1821639971280978,9354.874127357225,0.38752484681980504,0.9683632556581752,20.899950546395033,8.812619558560822,1.6755035078578129,0.935459739360101,16.194129075883065,0.9683632556581752,11.01037438152795,10.20072863143933,1106379,1013684,8851.032,8109.472,14.455858820594717,106073.26079999996,67321,10.85514623965776,7341
13,63493,1,-5.793547044129892,0,0,13916.1,1168.6,137,14,3,0,2,0.014598540145985401,7.75,0.11313868613138686,16,56,-0.4999999999999997,-0.8660254037844388,1.487577471438553,11.908351874037312,0.9832681618715794,0.1821639971280978,9354.874127357225,0.38752484681980504,0.9683632556581752,20.899950546395033,8.812619558560822,1.6755035078578129,0.935459739360101,16.194129075883065,0.9683632556581752,11.01037438152795,10.20072863143933,1110011,1002857,8102.270072992701,7320.124087591241,14.505244555099106,97282.4139416058,67321,10.85514623965776,7341
14,68119,0,-3.764571190674438,0,0,9042.5,1047.4,94,22,3,0,0,0.0,0.0,0.0,9,90,-0.5000000000000004,0.8660254037844384,1.2013850706640667,8.63328241359557,0.9075782687573106,-0.41988294330620635,7526.729123578795,1.9720640361692792,7.025675823824093,21.5559787390063,11.824517642668813,1.9720640361692792,3.0164246787998383,14.053506557507884,8.871891404692253,7.851408435416812,7.932312576074353,862351,749240,9173.946808510638,7970.63829787234,12.19126804299299,104200.00776595747,37496,11.18017121826328,912
14,68119,1,1.1330141548709403,1,1,9288.5,1048.5,93,22,3,0,1,0.010752688172043012,10.0,0.10752688172043011,9,90,-0.5000000000000004,0.8660254037844384,1.234068590418931,8.858845970433952,0.9075782687573106,-0.41988294330620635,7526.729123578795,1.9720640361692792,7.025675823824093,21.5559787390063,11.824517642668813,1.9720640361692792,3.0164246787998383,14.053506557507884,8.871891404692253,7.851408435416812,7.932312576074353,870320,756399,9358.279569892473,8133.322580645161,12.179073515054782,106353.59494623658,37496,11.18017121826328,912
15,71843,0,-8.11923397169026,0,0,19502.4,1555.6,192,6,4,0,0,0.0,0.0,0.0,3,24,1.0,6.123233995736766e-17,1.47912445284283,12.53689894574441,-0.18249831213034637,-0.9832061666149041,13185.097415242519,3.12943202196479,8.597809410799115,18.699962174701422,3.12943202196479,7.488460457752375,6.570250900901316,13.776357229483631,14.200404950515043,11.11095434873573,11.636056168684712,53288,132660,277.5416666666667,690.9375,13.445390821301554,3503.985625,959,12.656934306569344,27
15,71843,1,-7.509075770191507,0,0,18036.8,1594.7,179,6,4,0,0,0.0,0.0,0.0,3,24,1.0,6.123233995736766e-17,1.367968656731251,11.310465918354549,-0.18249831213034637,-0.9832061666149041,13185.097415242519,3.12943202196479,8.597809410799115,18.699962174701422,3.12943202196479,7.488460457752375,6.570250900901316,13.776357229483631,14.200404950515043,11.11095434873573,11.636056168684712,24442,76905,136.54748603351956,429.6368715083799,13.701759394786064,1735.2732960893861,959,12.656934306569344,27
16,77352,0,-4.837010824313073,1,1,17623.5,1357.3,172,14,0,0,3,0.01744186046511628,5.666666666666667,0.09883720930232558,27,59,-0.4999999999999997,-0.8660254037844388,1.2024370643247415,12.984233404553157,0.6719271870629993,0.7406172123881575,14656.484337412632,1.7457066050558345,6.5025764260996235,19.961726338526503,9.846946456304527,1.9661940542449463,2.40794711604117,22.607523832047892,6.5025764260996235,14.533638557210866,13.482628375607128,774946,821984,4505.5,4778.976744186047,13.082351468012789,49543.02924418605,17053,10.746419984753416,80
16,77352,1,-1.0760199833472122,2,2,19999.1,1393.0,198,14,0,0,4,0.020202020202020204,6.625,0.13383838383838384,27,59,-0.4999999999999997,-0.8660254037844388,1.3645223192406126,14.356855707106963,0.6719271870629993,0.7406172123881575,14656.484337412632,1.7457066050558345,6.5025764260996235,19.961726338526503,9.846946456304527,1.9661940542449463,2.40794711604117,22.607523832047892,6.5025764260996235,14.533638557210866,13.482628375607128,778921,834300,3933.9444444444443,4213.636363636364,13.361570074260813,43270.35267676769,17053,10.746419984753416,80
17,78410,0,-12.439966694421317,0,0,29880.8,1902.4,283,11,6,1,0,0.0,0.0,0.0,12,47,0.258819045102521,-0.9659258262890682,1.4176530953075093,15.706896551724137,-0.771743793349552,0.6359335794141114,21077.65298781958,1.0770162221038142,0.7406702043395087,1.0770162221038142,16.364976497260947,20.817796461771,20.76367482765111,22.075066848293766,9.321217770919466,1.7694065476664622,0.7406702043395087,1237888,1117009,4374.1625441696115,3947.0282685512366,19.650780974908567,46671.62091872792,1654,21.28397823458283,46750
17,78410,1,-13.326186511240634,0,0,32009.5,2015.0,302,11,6,1,0,0.0,0.0,0.0,12,47,0.258819045102521,-0.9659258262890682,1.518646313159143,15.88560794044665,-0.771743793349552,0.6359335794141114,21077.65298781958,1.0770162221038142,0.7406702043395087,1.0770162221038142,16.364976497260947,20.817796461771,20.76367482765111,22.075066848293766,9.321217770919466,1.7694065476664622,0.7406702043395087,1361124,1186306,4507.0331125827815,3928.1655629139073,17.753216446808,53640.82927152318,1654,21.28397823458283,46750
18,90488,0,-1.5904662781015828,1,3,17031.3,1323.0,163,9,4,0,6,0.03680981595092025,8.166666666666666,0.3006134969325153,24,37,0.7071067811865476,-0.7071067811865475,1.4639200125641185,12.873242630385487,0.9703500172059342,0.24170404239160584,11634.037279242428,0.7518590049422159,1.0741354345288987,21.892412283639846,11.090564936149928,0.7518590049422159,1.823582652181696,16.092348767971984,1.0741354345288987,11.065894721398308,10.262121940049921,1391893,1238650,8539.220858895706,7599.079754601227,15.749153134025734,100558.53687116559,26363,10.378955354094755,7341
18,90488,1,9.70308076602831,3,5,15725.7,1443.1,155,9,4,0,12,0.07741935483870968,11.291666666666666,0.8741935483870967,24,37,0.7071067811865476,-0.7071067811865475,1.3516975769071982,10.897165823574252,0.9703500172059342,0.24170404239160584,11634.037279242428,0.7518590049422159,1.0741354345288987,21.892412283639846,11.090564936149928,0.7518590049422159,1.823582652181696,16.092348767971984,1.0741354345288987,11.065894721398308,10.262121940049921,2395503,2149219,15454.85806451613,13865.929032258064,13.685202048841859,173271.56606451608,26363,10.378955354094755,7341
19,93983,0,-2.4958368026644475,1,1,13801.5,1094.3,134,20,4,0,1,0.007462686567164179,6.5,0.048507462686567165,24,82,-0.8660254037844386,0.5000000000000001,1.1810139831612434,12.612172164854245,0.2741645057300074,0.9616828083093826,11686.144446027009,3.508855811900498,11.928408949155285,21.227813173204698,6.6725965249590695,4.6049905703572716,3.5481415417473143,28.89788601014375,11.928408949155285,15.795168545833283,14.758457612183337,437140,520516,3262.2388059701493,3884.4477611940297,13.214710015853246,36203.381194029855,30242,10.985391177832154,86
19,93983,1,-6.154371357202332,0,0,14782.8,1132.3,152,20,4,0,1,0.006578947368421052,6.0,0.039473684210526314,24,82,-0.8660254037844386,0.5000000000000001,1.2649852197424938,13.055550649121258,0.2741645057300074,0.9616828083093826,11686.144446027009,3.508855811900498,11.928408949155285,21.227813173204698,6.6725965249590695,4.6049905703572716,3.5481415417473143,28.89788601014375,11.928408949155285,15.795168545833283,14.758457612183337,718605,733147,4727.664473684211,4823.335526315789,12.284478715065116,51870.78190789474,30242,10.985391177832154,86
20,94252,0,0.9227726894254786,1,1,21203.0,1889.4,210,23,1,0,4,0.01904761904761905,9.25,0.1761904761904762,21,92,-0.25881904510252157,0.9659258262890681,1.2833803152191545,11.222081083941992,0.1274753911381999,-0.991841733672345,16521.213352395313,0.35353980100886084,12.538945805097441,21.44019463606492,9.498717522328631,1.0263880816544932,0.35353980100886084,15.644165888441488,20.07787231622022,16.122714656050253,16.837593793920732,1660924,1534463,7909.161904761905,7306.966666666666,12.721195187246565,89470.62585714282,38258,10.566014951121334,24
20,94252,1,-10.681931723563698,0,0,25658.0,2158.5,252,23,1,0,0,0.0,0.0,0.0,21,92,-0.25881904510252157,0.9659258262890681,1.5530336333487273,11.886958536020385,0.1274753911381999,-0.991841733672345,16521.213352395313,0.35353980100886084,12.538945805097441,21.44019463606492,9.498717522328631,1.0263880816544932,0.35353980100886084,15.644165888441488,20.07787231622022,16.122714656050253,16.837593793920732,1107575,1096392,4395.138888888889,4350.761904761905,14.75505976802566,46740.17007936506,38258,10.566014951121334,24
21,100968,0,-7.962239800166528,0,0,19125.3,1628.6,189,19,1,0,2,0.010582010582010581,6.25,0.06613756613756613,21,78,-0.9659258262890684,0.2588190451025203,1.4990110753763168,11.743399238609848,0.31034312600729785,-0.9506246073713948,12758.611536741795,0.3076385400133491,10.703453262418401,20.55341142649726,8.927132514914774,1.6159834985409565,1.2218682562500482,12.597188426203079,15.670840732525274,13.298913719441053,13.806956092598824,583704,617174,3088.3809523809523,3265.4708994708994,14.355850916357028,32919.11783068784,45219,11.050794135208651,12
21,100968,1,-6.357785179017487,1,1,22477.4,1810.3,212,19,1,0,3,0.014150943396226415,6.166666666666667,0.08726415094339622,21,78,-0.9659258262890684,0.2588190451025203,1.7617434260201736,12.416395072639896,0.31034312600729785,-0.9506246073713948,12758.611536741795,0.3076385400133491,10.703453262418401,20.55341142649726,8.927132514914774,1.6159834985409565,1.2218682562500482,12.597188426203079,15.670840732525274,13.298913719441053,13.806956092598824,839326,917645,3959.0849056603774,4328.514150943396,12.897199169648236,45448.15419811319,45219,11.050794135208651,12
22,108660,0,-12.952747710241468,0,0,31112.5,2005.9,296,19,3,0,4,0.013513513513513514,7.75,0.10472972972972973,16,79,-0.9659258262890684,0.2588190451025203,1.4002352351682068,15.510494042574404,-0.7220056405082942,0.6918871693232993,22219.480854774043,1.0618820192329421,2.6899663241181013,1.0618820192329421,16.395208478711538,20.84077305164843,20.78768708830451,23.15865935395029,9.007723895883284,3.6549884357017066,2.6899663241181013,1339094,1200941,4523.966216216216,4057.233108108108,19.183129826999444,47702.78581081082,1654,21.28397823458283,20464
22,108660,1,2.161032472939217,1,1,33241.2,2118.5,315,19,3,0,5,0.015873015873015872,12.6,0.2,16,79,-0.9659258262890684,0.2588190451025203,1.4960385536126442,15.690913382109983,-0.7220056405082942,0.6918871693232993,22219.480854774043,1.0618820192329421,2.6899663241181013,1.0618820192329421,16.395208478711538,20.84077305164843,20.78768708830451,23.15865935395029,9.007723895883284,3.6549884357017066,2.6899663241181013,1462330,1270238,4642.31746031746,4032.5015873015873,17.4104105278964,54322.178793650804,1654,21.28397823458283,20464
23,110028,0,-11.287760199833473,0,0,27113.2,1748.0,259,6,6,1,0,0.0,0.0,0.0,26,26,1.0,6.123233995736766e-17,1.376918237773219,15.510983981693364,0.719311192263583,-0.6946879937672328,19691.220042119592,2.6881522075412962,0.5267881897379811,20.204230156353916,6.6075816033841335,3.9902925265605895,3.0413488545006184,0.5267881897379811,16.658894829030345,21.319021540451025,21.249390302562865,547489,505290,2113.8571428571427,1950.9266409266409,19.670112778647137,23285.15104247105,28442,11.502795162084242,229
23,110028,1,-12.033014154870942,0,0,28903.3,1866.1,281,6,6,1,0,0.0,0.0,0.0,26,26,1.0,6.123233995736766e-17,1.467826774479983,15.488612614543701,0.719311192263583,-0.6946879937672328,19691.220042119592,2.6881522075412962,0.5267881897379811,20.204230156353916,6.6075816033841335,3.9902925265605895,3.0413488545006184,0.5267881897379811,16.658894829030345,21.319021540451025,21.249390302562865,667399,588407,2375.0854092526693,2093.9750889679717,18.0951985224777,31723.896903914596,28442,11.502795162084242,229
24,116750,0,-12.98134887593672,0,0,31181.2,2075.7,299,14,3,0,1,0.0033444816053511705,7.0,0.023411371237458192,16,57,-0.4999999999999997,-0.8660254037844388,1.3792894933391744,15.022016669075494,-0.7496863721656557,0.6617932784405549,22606.71175310141,0.841634279670331,2.015872468840784,0.841634279670331,16.7052263700128,21.137299524903074,21.089215347734196,23.259899526112513,9.712871118090089,2.845337072493668,2.015872468840784,1266016,1135430,4234.167224080267,3797.42474916388,19.269391445181252,45082.10351170569,920,20.181521739130435,8005
24,116750,1,0.13243130724396046,1,1,33309.9,2188.3,318,14,3,0,2,0.006289308176100629,17.5,0.11006289308176101,16,57,-0.4999999999999997,-0.8660254037844388,1.4734517944844512,15.221816021569254,-0.7496863721656557,0.6617932784405549,22606.71175310141,0.841634279670331,2.015872468840784,0.841634279670331,16.7052263700128,21.137299524903074,21.089215347734196,23.259899526112513,9.712871118090089,2.845337072493668,2.015872468840784,1389252,1204727,4368.7169811320755,3788.449685534591,17.508758373277185,51795.631037735846,920,20.181521739130435,8005
25,116904,0,-10.79487926727727,0,0,25929.3,1621.0,254,22,6,1,0,0.0,0.0,0.0,5,90,-0.5000000000000004,0.8660254037844384,1.336804867505622,15.995866748920418,-0.7608533764455423,0.6489238318565731,19396.47335993183,0.998854910201885,1.7218181846946046,0.998854910201885,16.121435493949388,20.904949622378663,20.817538422125658,20.372164354910115,7.47565952997701,3.0447608442243057,2.1484239401524623,332832,302578,1310.3622047244094,1191.251968503937,19.4034854337249,14067.048700787402,1029,20.159086491739554,22724
25,116904,1,-11.681057452123232,0,0,28057.9,1733.6,273,22,6,1,0,0.0,0.0,0.0,5,90,-0.5000000000000004,0.8660254037844384,1.4465464664293288,16.1847600369174,-0.7608533764455423,0.6489238318565731,19396.47335993183,0.998854910201885,1.7218181846946046,0.998854910201885,16.121435493949388,20.904949622378663,20.817538422125658,20.372164354910115,7.47565952997701,3.0447608442243057,2.1484239401524623,456068,371875,1670.5787545787546,1362.179487179487,17.35773348639098,24045.758571428567,1029,20.159086491739554,22724
26,117247,0,-11.2529975020816,0,0,27029.7,1741.9,261,15,1,0,0,0.0,0.0,0.0,7,63,-0.7071067811865471,-0.7071067811865479,1.2705347407770866,15.517366094494516,0.7786741738795498,-0.6274285066308356,21274.27069288011,0.8509216264731064,0.5176387872562243,21.790430006145527,8.99601373094949,1.9226679096978563,0.8509216264731064,0.5176387872562243,16.649510519312283,21.32746393539348,21.256074525194432,978322,884025,3748.360153256705,3387.0689655172414,19.49576576613695,39866.53206896552,64179,10.623190607519593,229
26,117247,1,0.25179017485428723,1,1,28819.7,1860.0,283,15,1,0,1,0.0035335689045936395,24.5,0.08657243816254417,7,63,-0.7071067811865471,-0.7071067811865479,1.3546739352924155,15.494462365591398,0.7786741738795498,-0.6274285066308356,21274.27069288011,0.8509216264731064,0.5176387872562243,21.790430006145527,8.99601373094949,1.9226679096978563,0.8509216264731064,0.5176387872562243,16.649510519312283,21.32746393539348,21.256074525194432,1098232,967142,3880.678445229682,3417.462897526502,17.94761267433261,46956.62819787987,64179,10.623190607519593,229
27,118938,0,-10.607160699417154,0,0,25478.4,1570.0,247,8,4,0,0,0.0,0.0,0.0,17,35,0.8660254037844387,-0.4999999999999998,1.5580553969644182,16.228280254777072,-0.8774967094990351,0.479582656919916,16352.691983635457,0.4645162100538057,4.836489223281529,0.4645162100538057,16.771996040532045,21.69909676233162,21.605907139736924,16.468976535994965,9.165299497226961,5.50738853354192,5.712929736282606,35218,53997,142.582995951417,218.61133603238866,20.069123941893263,2386.803441295547,4894,21.609824274621985,1235
27,118938,1,-8.424562864279768,0,0,20235.8,1642.1,204,8,4,0,0,0.0,0.0,0.0,17,35,0.8660254037844387,-0.4999999999999998,1.2374598641159795,12.323122830521893,-0.8774967094990351,0.479582656919916,16352.691983635457,0.4645162100538057,4.836489223281529,0.4645162100538057,16.771996040532045,21.69909676233162,21.605907139736924,16.468976535994965,9.165299497226961,5.50738853354192,5.712929736282606,35185,58478,172.47549019607843,286.65686274509807,16.140923804292523,2697.369264705883,4894,21.609824274621985,1235
28,123740,0,-11.543005828476272,0,0,27726.3,1750.1,275,1,4,0,0,0.0,0.0,0.0,24,5,0.25881904510252074,0.9659258262890683,1.3454798878261724,15.84269470315982,0.8520053028607651,-0.5235331545347781,20606.996991085507,3.4201944511789204,4.558967008774772,18.3929588521361,5.819914676667559,4.809422830851338,4.124994327683521,4.558967008774772,18.054942314300654,24.602691362244105,24.361512084348945,136081,112996,494.84,410.89454545454544,18.0502403312734,11384.275927272725,575,12.590608695652174,14
28,123740,1,-12.277976686094924,0,0,29491.7,1982.2,284,1,4,0,0,0.0,0.0,0.0,24,5,0.25881904510252074,0.9659258262890683,1.431149818324231,14.878266572495207,0.8520053028607651,-0.5235331545347781,20606.996991085507,3.4201944511789204,4.558967008774772,18.3929588521361,5.819914676667559,4.809422830851338,4.124994327683521,4.558967008774772,18.054942314300654,24.602691362244105,24.361512084348945,18337,31079,64.5669014084507,109.4330985915493,19.168775745694752,940.5127816901411,575,12.590608695652174,14
29,134084,0,-9.724313072439633,0,0,23357.8,1833.9,234,11,4,0,0,0.0,0.0,0.0,10,47,0.258819045102521,-0.9659258262890682,1.398892176769996,12.736681389388734,-0.09410904564485902,-0.9955618953775872,16697.355513083592,4.381520820590608,8.74779315876951,22.21268875602122,6.929987194015337,5.452906056078887,4.381520820590608,16.460691685387804,17.3493747630357,12.385759867392036,13.14179548171458,1127395,1242846,4817.927350427351,5311.307692307692,12.78783256111493,56100.1375213675,7557,11.215601429138548,201
29,134084,1,-9.371273938384679,0,0,22509.8,1986.1,217,11,4,0,1,0.004608294930875576,15.0,0.06912442396313365,10,47,0.258819045102521,-0.9659258262890682,1.348105691488807,11.33366899954685,-0.09410904564485902,-0.9955618953775872,16697.355513083592,4.381520820590608,8.74779315876951,22.21268875602122,6.929987194015337,5.452906056078887,4.381520820590608,16.460691685387804,17.3493747630357,12.385759867392036,13.14179548171458,1115156,1180755,5138.967741935484,5441.267281105991,12.328760942857924,60189.89391705067,7557,11.215601429138548,201
30,149136,0,-10.093713572023315,0,0,24245.1,1770.8,237,19,1,0,1,0.004219409282700422,10.5,0.04430379746835443,28,77,-0.9659258262890684,0.2588190451025203,1.4202449487780762,13.69160831262706,-0.9971465616813523,0.07548996308819592,17071.069339735757,6.877396536977664,0.5030502863069602,6.877396536977664,10.241393397476715,16.294793540066188,16.00336262696448,21.360896857893106,14.138223637759673,5.028071916087527,6.059782107410375,729205,698026,3076.8143459915614,2945.2573839662446,18.40546531132042,38228.713248945154,25,21.14,17866
30,149136,1,-8.416569525395504,0,0,20216.6,1875.6,191,19,1,0,0,0.0,0.0,0.0,28,77,-0.9659258262890684,0.2588190451025203,1.1842609035007838,10.77873747067605,-0.9971465616813523,0.07548996308819592,17071.069339735757,6.877396536977664,0.5030502863069602,6.877396536977664,10.241393397476715,16.294793540066188,16.00336262696448,21.360896857893106,14.138223637759673,5.028071916087527,6.059782107410375,285347,331167,1493.9633507853403,1733.8586387434555,13.15021432694822,20259.60486910996,25,21.14,17866
31,154121,0,-13.078226477935056,0,0,31413.9,2306.2,298,8,3,0,0,0.0,0.0,0.0,2,34,0.8660254037844387,-0.4999999999999998,1.4819667172545719,13.62149856907467,-0.9028789447713818,0.42989488376638796,21197.439614700692,0.49380417599680304,1.5670272544815453,0.49380417599680304,16.62634558310792,21.369611957052925,21.29190423064726,21.649917671350693,12.685211703008637,2.9824376039030516,4.03465467279867,582344,544522,1954.1744966442952,1827.255033557047,18.674873953082674,23685.239026845637,5953,21.367554174365868,11540
31,154121,1,-12.866194837635305,0,0,30904.6,2445.0,299,8,3,0,0,0.0,0.0,0.0,2,34,0.8660254037844387,-0.4999999999999998,1.4579402306006461,12.639918200408998,-0.9028789447713818,0.42989488376638796,21197.439614700692,0.49380417599680304,1.5670272544815453,0.49380417599680304,16.62634558310792,21.369611957052925,21.29190423064726,21.649917671350693,12.685211703008637,2.9824376039030516,4.03465467279867,361006,363802,1207.3779264214047,1216.7290969899666,15.559302573838167,16522.006287625416,5953,21.367554174365868,11540
32,156425,0,-11.705786844296421,0,0,28117.3,2090.2,270,17,4,0,1,0.003703703703703704,19.5,0.07222222222222222,24,70,-0.9659258262890683,-0.25881904510252063,1.3865780021664726,13.451966319012536,-0.9521149180136644,0.3057403847970251,20278.195641404844,0.9348912498686892,0.9500959345904142,0.9348912498686892,16.173325411239915,21.017341639768954,20.92497689614464,20.969882229116713,14.197732255981283,5.393975762729589,6.4027832835432665,130003,156552,481.4925925925926,579.8222222222222,15.744867252392769,7330.2029629629615,1029,20.159086491739554,14064
32,156425,1,-13.941590341382181,0,0,33487.7,2253.8,307,17,4,0,0,0.0,0.0,0.0,24,70,-0.9659258262890683,-0.25881904510252063,1.651414188529844,14.858328156890583,-0.9521149180136644,0.3057403847970251,20278.195641404844,0.9348912498686892,0.9500959345904142,0.9348912498686892,16.173325411239915,21.017341639768954,20.92497689614464,20.969882229116713,14.197732255981283,5.393975762729589,6.4027832835432665,289407,358299,942.6938110749186,1167.097719869707,18.53192680578841,12923.278078175897,1029,20.159086491739554,14064
33,162097,0,-4.977518734388012,1,1,19162.0,1500.3,186,0,3,0,1,0.005376344086021506,6.0,0.03225806451612903,16,2,0.0,1.0,1.3295318762449768,12.772112244217823,-0.05532461285387939,-0.9984684207387675,14412.591636478559,1.8155611172192065,12.03452514189306,20.626756782166428,10.826960949729335,1.8155611172192065,2.644055387747418,19.084560075991288,21.830545346280633,16.184144264069324,17.049875138160836,854925,718472,4596.370967741936,3862.7526881720432,13.038318067727923,51570.84870967742,58044,10.37975156777617,9
33,162097,1,-4.953330557868444,1,1,19103.9,1566.3,183,0,3,0,1,0.00546448087431694,6.0,0.03278688524590164,16,2,0.0,1.0,1.3255006789790427,12.19683330141097,-0.05532461285387939,-0.9984684207387675,14412.591636478559,1.8155611172192065,12.03452514189306,20.626756782166428,10.826960949729335,1.8155611172192065,2.644055387747418,19.084560075991288,21.830545346280633,16.184144264069324,17.049875138160836,855688,722819,4675.890710382514,3949.8306010928964,12.779675155733809,52471.69469945355,58044,10.37975156777617,9
34,162500,0,-8.985595337218985,0,0,21583.4,1636.7,206,19,5,1,0,0.0,0.0,0.0,18,79,-0.9659258262890684,0.2588190451025203,1.3591936306927572,13.187144864666708,-0.979057611504069,0.20358338182658128,15879.562346830098,1.196927510773009,5.243206558781946,1.196927510773009,16.0827311408425,20.64890594336859,20.58092670037866,17.00872686232188,14.066134291606284,8.447778647379183,9.175601270226174,12787,27070,62.07281553398058,131.40776699029126,16.994241718886776,992.0509708737862,2018,20.14430128840436,1277
34,162500,1,-9.49375520399667,0,0,22804.0,1813.0,222,19,5,1,0,0.0,0.0,0.0,18,79,-0.9659258262890684,0.2588190451025203,1.4360597289730828,12.578047435190292,-0.979057611504069,0.20358338182658128,15879.562346830098,1.196927510773009,5.243206558781946,1.196927510773009,16.0827311408425,20.64890594336859,20.58092670037866,17.00872686232188,14.066134291606284,8.447778647379183,9.175601270226174,13548,30980,61.027027027027025,139.54954954954954,15.850464615703826,966.1394594594594,2018,20.14430128840436,1277
35,163508,0,-12.422439633638637,0,0,29838.7,1960.3,291,17,6,1,1,0.003436426116838488,9.0,0.030927835051546393,12,70,-0.9659258262890683,-0.25881904510252063,1.4455984481782915,15.221496709687294,-0.9056520790090405,0.42402159353811525,20641.070857264694,0.9293690101116032,1.7434268665890027,0.9293690101116032,16.178816017065927,21.023195222418448,20.93086265134532,21.399878439100593,12.365375498321693,2.7827247396879704,3.816557500735798,629857,594149,2164.4570446735397,2041.749140893471,18.615276982287167,25406.80206185567,1029,20.159086491739554,20940
35,163508,1,-9.881015820149877,0,0,23734.2,2034.0,239,17,6,1,1,0.0041841004184100415,9.0,0.03765690376569038,12,70,-0.9659258262890683,-0.25881904510252063,1.1498531333051778,11.66873156342183,-0.9056520790090405,0.42402159353811525,20641.070857264694,0.9293690101116032,1.7434268665890027,0.9293690101116032,16.178816017065927,21.023195222418448,20.93086265134532,21.399878439100593,12.365375498321693,2.7827247396879704,3.816557500735798,618492,577582,2587.8326359832636,2416.6610878661086,15.38088689709449,30193.732552301262,1029,20.159086491739554,20940
36,172924,0,-5.3253538717735225,0,0,12791.5,1135.5,131,13,0,0,1,0.007633587786259542,13.5,0.10305343511450382,13,53,-0.2588190451025208,-0.9659258262890683,1.2609276632088895,11.265081461911052,0.99252273119667,0.12205993633417493,10144.515322510548,0.36578664406781686,1.4068820198591712,21.438260231242836,9.294145224280395,1.2749669987107937,0.36578664406781686,15.78572007055579,1.4068820198591712,11.275766163085155,10.4887939699336,1385944,1293961,10579.725190839694,9877.564885496184,14.158070414946122,124095.21938931294,32106,10.322607923752571,8892
36,172924,1,-6.5354288093255635,0,0,15698.1,1155.5,151,13,0,0,0,0.0,0.0,0.0,13,53,-0.2588190451025208,-0.9659258262890683,1.5474470194910268,13.585547382085677,0.99252273119667,0.12205993633417493,10144.515322510548,0.36578664406781686,1.4068820198591712,21.438260231242836,9.294145224280395,1.2749669987107937,0.36578664406781686,15.78572007055579,1.4068820198591712,11.275766163085155,10.4887939699336,1012340,971624,6704.238410596026,6434.596026490066,16.06732388357251,81969.6585430463,32106,10.322607923752571,8892
37,173392,0,-6.599167360532889,0,0,15851.2,1197.0,155,15,2,0,0,0.0,0.0,0.0,15,62,-0.7071067811865471,-0.7071067811865479,1.4437069837406726,13.242439431913116,0.99247280085851,0.12246525856774436,10979.513279716384,0.4951687193003465,1.431019266370582,22.02079438024905,10.108150817268802,0.6697593620097533,0.4951687193003465,15.764301026360238,1.431019266370582,11.292938526948127,10.507082614403613,1245493,1151844,8035.438709677419,7431.251612903226,15.919689439194048,95623.83141935478,71862,10.47319139461746,8892
37,173392,1,13.455745212323064,3,3,13917.8,1222.8,139,15,2,0,4,0.02877697841726619,12.0,0.34532374100719426,15,62,-0.7071067811865471,-0.7071067811865479,1.2676153892642785,11.38191036964344,0.99247280085851,0.12246525856774436,10979.513279716384,0.4951687193003465,1.431019266370582,22.02079438024905,10.108150817268802,0.6697593620097533,0.4951687193003465,15.764301026360238,1.431019266370582,11.292938526948127,10.507082614403613,1739255,1569645,12512.625899280576,11292.410071942446,13.940276298903939,143536.461294964,71862,10.47319139461746,8892
38,185666,0,9.276228143213988,1,1,11346.5,969.8,118,13,0,0,2,0.01694915254237288,26.5,0.4491525423728814,13,55,-0.2588190451025208,-0.9659258262890683,1.2276561074534202,11.699835017529388,0.9983303916769113,0.05776183042654449,9242.40911694443,1.3152339715105674,1.4079939759467976,21.21298311408159,8.318016484791759,2.378012760514836,1.3564885543513694,15.787311633348219,1.4079939759467976,11.282276871301859,10.495050610558991,764063,674693,6475.110169491525,5717.737288135593,14.537422726213546,81443.56838983054,69911,10.071021727625123,8892
38,185666,1,8.744629475437137,1,1,12623.4,1004.4,130,13,0,0,2,0.015384615384615385,26.5,0.4076923076923077,13,55,-0.2588190451025208,-0.9659258262890683,1.365812726993126,12.568100358422939,0.9983303916769113,0.05776183042654449,9242.40911694443,1.3152339715105674,1.4079939759467976,21.21298311408159,8.318016484791759,2.378012760514836,1.3564885543513694,15.787311633348219,1.4079939759467976,11.282276871301859,10.495050610558991,767695,663866,5905.346153846154,5106.661538461539,14.582499844934528,74452.87830769227,69911,10.071021727625123,8892
39,192099,0,-0.10853455453788641,2,2,18275.7,1395.3,185,0,5,1,3,0.016216216216216217,8.666666666666666,0.14054054054054055,25,2,0.0,1.0,1.1100811360884588,13.098043431520104,0.35731110297230556,0.9339854258459895,16463.391193545755,2.5469424911875893,10.496453948073926,20.178107500584577,11.212798969077783,2.6846858677202867,3.5106416627354915,27.5573437924838,10.496453948073926,14.160335344179433,13.117059656103544,1179389,1180659,6375.0756756756755,6381.9405405405405,13.091366475922957,70792.93427027026,42073,11.37476766572386,282
39,192099,1,-0.46527893422148203,2,2,19132.6,1507.7,187,0,5,1,3,0.016042780748663103,8.666666666666666,0.13903743315508021,25,2,0.0,1.0,1.162129950936273,12.689925051402797,0.35731110297230556,0.9339854258459895,16463.391193545755,2.5469424911875893,10.496453948073926,20.178107500584577,11.212798969077783,2.6846858677202867,3.5106416627354915,27.5573437924838,10.496453948073926,14.160335344179433,13.117059656103544,1172022,1157394,6267.497326203208,6189.272727272727,13.013510790892163,69570.6029946524,42073,11.37476766572386,282
40,197918,0,-7.7888009991673615,0,0,18708.7,1665.6,191,18,1,0,0,0.0,0.0,0.0,14,73,-1.0,-1.8369701987210297e-16,1.3517939742126797,11.232408741594622,0.05005246723030539,-0.998746589743444,13839.90486486407,1.0202635049685793,9.754240093715165,20.71595124686195,8.201030502827072,2.31208957657106,1.4370533206032852,15.390055070061567,17.397246664760765,13.169334341125504,13.866051558543072,627014,618274,3282.7958115183246,3237.0366492146595,13.672563071144992,34861.72895287958,45482,10.396244668220396,86
40,197918,1,-8.758825978351375,0,0,21038.7,1739.1,204,18,1,0,2,0.00980392156862745,10.25,0.10049019607843138,14,73,-1.0,-1.8369701987210297e-16,1.5201477326200274,12.097464205623599,0.05005246723030539,-0.998746589743444,13839.90486486407,1.0202635049685793,9.754240093715165,20.71595124686195,8.201030502827072,2.31208957657106,1.4370533206032852,15.390055070061567,17.397246664760765,13.169334341125504,13.866051558543072,1202588,1213669,5895.0392156862745,5949.357843137255,13.041898061874297,65733.65901960782,45482,10.396244668220396,86
41,207385,0,-12.822314737718571,0,0,30799.2,2017.3,302,6,3,0,0,0.0,0.0,0.0,30,27,1.0,6.123233995736766e-17,1.425438647938477,15.267535815198533,-0.7240627849795452,0.6897340671647768,21606.822604777106,1.2082456829664048,2.9556365948643646,1.2082456829664048,15.946262330848965,20.667737202374045,20.58386384254452,22.813648760995527,8.429053060536301,3.982738945580115,2.9556365948643646,1439597,1305351,4766.877483443709,4322.354304635762,18.88227496880427,50000.90298013245,35,19.0,16289
41,207385,1,-13.708534554537888,0,0,32927.9,2129.9,321,6,3,0,0,0.0,0.0,0.0,30,27,1.0,6.123233995736766e-17,1.523958455266805,15.45983379501385,-0.7240627849795452,0.6897340671647768,21606.822604777106,1.2082456829664048,2.9556365948643646,1.2082456829664048,15.946262330848965,20.667737202374045,20.58386384254452,22.813648760995527,8.429053060536301,3.982738945580115,2.9556365948643646,1562833,1374648,4868.6386292834895,4282.392523364486,17.169888266466657,56360.543364485995,35,19.0,16289
42,211889,0,-12.567693588676104,0,0,30187.6,1852.8,285,0,2,0,1,0.0035087719298245615,11.0,0.03859649122807018,22,2,0.0,1.0,1.6469063248177658,16.29296200345423,-0.8787943549019177,0.4772006724560668,18329.882850708178,1.638336097596096,2.425616676899774,1.638336097596096,16.07235289963994,20.319998885495313,20.280747427303556,19.914790513941504,11.320647617254558,3.072050424603178,3.8792195849395164,335499,333339,1177.1894736842105,1169.6105263157895,19.937321326313107,14619.488421052632,23,27.008695652173916,23697
42,211889,1,-10.097918401332224,0,0,24255.2,2019.5,228,0,2,0,1,0.0043859649122807015,11.0,0.04824561403508772,22,2,0.0,1.0,1.3232599573904475,12.010497647932658,-0.8787943549019177,0.4772006724560668,18329.882850708178,1.638336097596096,2.425616676899774,1.638336097596096,16.07235289963994,20.319998885495313,20.280747427303556,19.914790513941504,11.320647617254558,3.072050424603178,3.8792195849395164,324111,316402,1421.5394736842106,1387.7280701754387,16.52039628579466,17494.111315789483,23,27.008695652173916,23697
43,211988,0,3.8818068276436293,2,2,15896.9,1197.8,160,0,5,1,2,0.0125,10.5,0.13125,4,3,0.0,1.0,1.2270435471470624,13.271748205042579,0.2860795409038263,0.9582058736389879,12955.44892189123,2.333099403338383,9.120343052748222,19.918322376961612,10.441122289513785,2.333099403338383,2.981522384921705,26.168398867041727,9.120343052748222,11.27915440127605,10.24527749741812,907491,971452,5671.81875,6071.575,13.178193228322433,62627.89318749997,32483,10.899587476526182,1933
43,211988,1,3.749791840133221,2,2,16214.0,1334.0,162,0,5,1,2,0.012345679012345678,10.5,0.12962962962962962,4,3,0.0,1.0,1.251519734881799,12.154422788605697,0.2860795409038263,0.9582058736389879,12955.44892189123,2.333099403338383,9.120343052748222,19.918322376961612,10.441122289513785,2.333099403338383,2.981522384921705,26.168398867041727,9.120343052748222,11.27915440127605,10.24527749741812,905770,967774,5591.172839506173,5973.913580246914,13.005617593699776,61817.47611111109,32483,10.899587476526182,1933
44,215307,0,-11.852373022481268,0,0,28469.4,1739.4,280,20,2,0,0,0.0,0.0,0.0,29,82,-0.8660254037844386,0.5000000000000001,1.5275070441233431,16.36736805795102,-0.8938910050137862,0.4482843641656971,18637.81912465024,1.1582637202998929,2.4125747123207826,1.1582637202998929,16.112295546419467,20.68733648456349,20.618919104629708,19.791084831142136,11.349384623986001,3.2311289796747507,4.027459394507586,327183,332786,1168.5107142857144,1188.5214285714285,19.859901936913808,14256.53125,2018,20.14430128840436,30698
44,215307,1,-9.38255620316403,0,0,22536.9,1906.1,223,20,2,0,0,0.0,0.0,0.0,29,82,-0.8660254037844386,0.5000000000000001,1.2092026352049348,11.82356644457269,-0.8938910050137862,0.4482843641656971,18637.81912465024,1.1582637202998929,2.4125747123207826,1.1582637202998929,16.112295546419467,20.68733648456349,20.618919104629708,19.791084831142136,11.349384623986001,3.2311289796747507,4.027459394507586,315795,315849,1416.1210762331839,1416.3632286995517,16.33151096728602,17102.83376681615,2018,20.14430128840436,30698
45,220043,0,-7.604288093255621,0,0,18265.5,1628.3,178,4,0,0,0,0.0,0.0,0.0,6,17,0.8660254037844386,0.5000000000000001,1.3115953156473297,11.217527482650617,0.6339573459591841,-0.773368012982427,13926.170505561144,0.6955737507637262,9.389612428567618,22.38256850714278,9.785173258747832,1.5190622735142236,0.6955737507637262,9.389612428567618,12.272591362697165,13.095073248214469,13.256026460250446,1446051,1333297,8123.88202247191,7490.432584269663,15.164662601343007,86868.9074157303,28277,11.046083389327015,22
45,220043,1,-8.071065778517903,0,0,19386.7,1696.8,190,4,0,0,0,0.0,0.0,0.0,6,17,0.8660254037844386,0.5000000000000001,1.3921056037809032,11.425447901933051,0.6339573459591841,-0.773368012982427,13926.170505561144,0.6955737507637262,9.389612428567618,22.38256850714278,9.785173258747832,1.5190622735142236,0.6955737507637262,9.389612428567618,12.272591362697165,13.095073248214469,13.256026460250446,1456362,1367642,7665.063157894737,7198.115789473684,14.06352451215233,82005.48984210523,28277,11.046083389327015,22
46,223881,0,-11.437385512073272,0,0,27472.6,1780.0,266,12,4,0,0,0.0,0.0,0.0,3,50,1.2246467991473532e-16,-1.0,1.5026938860154866,15.434044943820224,-0.9125604776706642,-0.40894177408708116,18282.233165163,0.7187554225797069,13.931541635444733,21.633930300797843,8.998587077693822,1.7847885803870613,0.7187554225797069,34.165699825237546,27.1089548532685,16.654329203498328,17.597007874156,1058381,986022,3978.875939849624,3706.8496240601503,25.813045448520345,42316.96860902256,64179,10.623190607519593,18
46,223881,1,1.4893005828476262,3,3,28249.2,2003.5,287,12,4,0,14,0.04878048780487805,9.178571428571429,0.44773519163763065,3,50,1.2246467991473532e-16,-1.0,1.545172285288931,14.099925131020715,-0.9125604776706642,-0.40894177408708116,18282.233165163,0.7187554225797069,13.931541635444733,21.633930300797843,8.998587077693822,1.7847885803870613,0.7187554225797069,34.165699825237546,27.1089548532685,16.654329203498328,17.597007874156,2781654,2515446,9692.174216027875,8764.620209059234,21.645845666657323,102552.65763066203,64179,10.623190607519593,18
47,226079,0,-2.6432139883430477,1,1,14155.5,1241.9,136,13,6,1,2,0.014705882352941176,11.5,0.16911764705882354,26,52,-0.2588190451025208,-0.9659258262890683,1.371694006702799,11.398260729527337,0.9976245719333818,0.06888550990401901,10319.721403482834,1.2665883040616905,0.4040335241469403,22.945017864283745,10.083542485923239,1.9251127759083468,1.2665883040616905,16.71361484423908,0.4040335241469403,10.656537253536262,9.818349173238111,1509656,1355163,11100.411764705883,9964.433823529413,14.003993793279827,129595.42529411765,10386,11.210774119006356,27700
47,226079,1,-3.174812656119901,1,1,15432.4,1276.5,148,13,6,1,1,0.006756756756756757,6.5,0.04391891891891892,26,52,-0.2588190451025208,-0.9659258262890683,1.4954279671534225,12.089620054837447,0.9976245719333818,0.06888550990401901,10319.721403482834,1.2665883040616905,0.4040335241469403,22.945017864283745,10.083542485923239,1.9251127759083468,1.2665883040616905,16.71361484423908,0.4040335241469403,10.656537253536262,9.818349173238111,1513288,1344336,10224.918918918918,9083.351351351352,14.0831610685081,119550.74966216212,10386,11.210774119006356,27700
48,229594,0,-12.451706910907578,0,0,29909.0,1930.5,290,23,0,0,0,0.0,0.0,0.0,20,94,-0.25881904510252157,0.9659258262890681,1.3626700592872834,15.492877492877493,-0.7637516274939384,0.6455102257132417,21948.820109574644,0.8472930322166367,1.2008357961971032,0.8472930322166367,16.707306523125727,21.135480771763454,21.087779033802505,22.614605119162242,9.575491383738735,2.0946237914530794,1.2008357961971032,1212787,1071375,4182.024137931035,3694.396551724138,19.560448399592616,44546.24224137932,920,20.181521739130435,20354
48,229594,1,-13.33788509575354,0,0,32037.6,2043.1,309,23,0,0,0,0.0,0.0,0.0,20,94,-0.25881904510252157,0.9659258262890681,1.4596502153673567,15.680877098526748,-0.7637516274939384,0.6455102257132417,21948.820109574644,0.8472930322166367,1.2008357961971032,0.8472930322166367,16.707306523125727,21.135480771763454,21.087779033802505,22.614605119162242,9.575491383738735,2.0946237914530794,1.2008357961971032,1336023,1140672,4323.699029126214,3691.4951456310678,17.718614777892245,51488.258802589,920,20.181521739130435,20354
49,230362,0,-11.886885928393006,0,0,28552.3,1911.6,279,7,1,0,0,0.0,0.0,0.0,21,29,0.9659258262890683,-0.25881904510252063,1.4423010550369995,14.936336053567691,0.8892969365954242,-0.45733025108994707,19796.35243299988,2.6101204464555683,0.5164980228195926,20.17168705173207,11.127008254351765,2.6101204464555683,3.4238164139147975,0.5164980228195926,16.598782614101825,21.437117654097676,21.35026167139097,565305,502461,2026.1827956989248,1800.9354838709678,18.408502087058647,24132.973225806454,41737,11.262558401418406,185
49,230362,1,-9.574646128226478,0,0,22998.3,2043.7,234,7,1,0,0,0.0,0.0,0.0,21,29,0.9659258262890683,-0.25881904510252063,1.1617443202143933,11.253266134951312,0.8892969365954242,-0.45733025108994707,19796.35243299988,2.6101204464555683,0.5164980228195926,20.17168705173207,11.127008254351765,2.6101204464555683,3.4238164139147975,0.5164980228195926,16.598782614101825,21.437117654097676,21.35026167139097,553388,486786,2364.905982905983,2080.2820512820513,15.418945452196903,27985.318846153856,41737,11.262558401418406,185
50,238863,0,-11.675978351373857,0,0,28045.7,1749.8,272,14,2,0,2,0.007352941176470588,6.5,0.04779411764705882,29,59,-0.4999999999999997,-0.8660254037844388,1.3009422113882052,16.027946050977256,0.7921382020081483,-0.6103417640300375,21557.990627479976,0.4628968604553203,0.5472948436794923,22.097760404223195,9.592159403107921,1.4308528069908926,0.4628968604553203,0.5472948436794923,16.655641282749393,21.300556079444224,21.23229291634145,1559293,1461035,5732.694852941177,5371.452205882353,19.46979853409962,61559.32955882354,70806,10.741163884416574,229
50,238863,1,-12.338884263114071,0,0,29638.0,1919.6,292,14,2,0,3,0.010273972602739725,6.666666666666667,0.0684931506849315,29,59,-0.4999999999999997,-0.8660254037844388,1.3748034551151735,15.439674932277558,0.7921382020081483,-0.6103417640300375,21557.990627479976,0.4628968604553203,0.5472948436794923,22.097760404223195,9.592159403107921,1.4308528069908926,0.4628968604553203,0.5472948436794923,16.655641282749393,21.300556079444224,21.23229291634145,1456238,1253761,4987.1164383561645,4293.70205479452,17.694695942367357,58660.90318493151,70806,10.741163884416574,229
51,240585,0,-6.747543713572024,0,0,16207.6,1367.2,161,21,2,0,1,0.006211180124223602,5.5,0.034161490683229816,8,85,-0.7071067811865477,0.7071067811865474,1.1258459902891151,11.854593329432417,0.9399590599211842,-0.34128721873531037,14395.92994050449,0.9494696049531036,7.709012889390912,22.776049858213952,10.9676452576289,0.9494696049531036,1.3515697356748897,9.503198236793652,7.709012889390912,13.543621007403361,13.202914968188631,1159645,1137070,7202.76397515528,7062.546583850932,16.95726730514719,76894.94080745339,12494,10.39823515287338,12
51,240585,1,-6.904329725228977,0,0,16584.2,1402.8,164,21,2,0,1,0.006097560975609756,5.5,0.03353658536585366,8,85,-0.7071067811865477,0.7071067811865474,1.152006162056859,11.8222127174223,0.9399590599211842,-0.34128721873531037,14395.92994050449,0.9494696049531036,7.709012889390912,22.776049858213952,10.9676452576289,0.9494696049531036,1.3515697356748897,9.503198236793652,7.709012889390912,13.543621007403361,13.202914968188631,1158396,1133733,7063.390243902439,6913.006097560976,15.076802524552873,75343.40469512194,12494,10.39823515287338,12
52,257124,0,-12.460283097418817,0,0,29929.6,1973.6,286,21,6,1,0,0.0,0.0,0.0,5,84,-0.7071067811865477,0.7071067811865474,1.423463732934814,15.164977705715444,-0.688198666381272,0.7255222915879557,21025.89571305263,0.4484355816069699,4.0749648633647,0.4484355816069699,16.782807792778506,21.70301305657105,21.610589521687892,21.26494231233825,6.309598809398088,5.174021061347569,4.114993038265835,270768,242735,946.7412587412588,848.7237762237762,18.313026561231784,17055.431048951054,4894,21.609824274621985,14760
52,257124,1,-12.81111573688593,0,0,30772.3,2098.4,300,21,6,1,0,0.0,0.0,0.0,5,84,-0.7071067811865477,0.7071067811865474,1.4635428815951426,14.664649256576439,-0.688198666381272,0.7255222915879557,21025.89571305263,0.4484355816069699,4.0749648633647,0.4484355816069699,16.782807792778506,21.70301305657105,21.610589521687892,21.26494231233825,6.309598809398088,5.174021061347569,4.114993038265835,708044,691446,2360.1466666666665,2304.82,18.4397508752797,26806.531100000007,4894,21.609824274621985,14760
53,258890,0,10.347626977518733,2,2,12976.5,1171.6,128,8,3,0,6,0.046875,10.083333333333334,0.47265625,2,35,0.8660254037844387,-0.4999999999999998,1.4594917768038262,11.075879139638102,0.9949518010677685,-0.10035394138748976,8891.10867648568,2.4058737616849486,0.6464013283293997,22.995222999917605,9.029478189344246,3.375507247226996,2.4058737616849486,16.65232888025186,0.6464013283293997,10.152144392968923,9.328706316145162,1328561,1194518,10379.3828125,9332.171875,13.046387350826684,115862.09679687499,31813,10.241611919655487,236
53,258890,1,-6.580016652789342,0,0,15805.2,1319.3,152,8,3,0,2,0.013157894736842105,8.25,0.10855263157894737,2,35,0.8660254037844387,-0.4999999999999998,1.77764107661849,11.979989388311985,0.9949518010677685,-0.10035394138748976,8891.10867648568,2.4058737616849486,0.6464013283293997,22.995222999917605,9.029478189344246,3.375507247226996,2.4058737616849486,16.65232888025186,0.6464013283293997,10.152144392968923,9.328706316145162,662346,694427,4357.539473684211,4568.598684210527,14.478958445594438,53358.29842105264,31813,10.241611919655487,236
54,258897,0,-11.072647793505412,0,0,26596.5,2123.3,259,10,5,1,0,0.0,0.0,0.0,18,43,0.49999999999999994,-0.8660254037844387,1.403909428759539,12.526020816653322,-0.9646312647901977,0.26360296468223493,18944.598173615825,0.5087405232780099,2.8718756054820394,0.5087405232780099,16.620757278477555,21.346890841944102,21.270706386240363,19.386329027175837,14.3534228241677,6.825088932805959,7.728012752758987,31449,42216,121.42471042471043,162.996138996139,15.955918619795739,2098.5051351351353,5953,21.367554174365868,1266
54,258897,1,-13.496627810158204,0,0,32418.9,2133.7,315,10,5,1,0,0.0,0.0,0.0,18,43,0.49999999999999994,-0.8660254037844387,1.7112476972538726,15.19374794957117,-0.9646312647901977,0.26360296468223493,18944.598173615825,0.5087405232780099,2.8718756054820394,0.5087405232780099,16.620757278477555,21.346890841944102,21.270706386240363,19.386329027175837,14.3534228241677,6.825088932805959,7.728012752758987,73716,126832,234.01904761904763,402.64126984126983,18.36012829562671,3547.8468253968263,5953,21.367554174365868,1266
55,263645,0,-11.69412989175687,0,0,28089.3,1844.8,279,8,2,0,0,0.0,0.0,0.0,1,34,0.8660254037844387,-0.4999999999999998,1.2602117851934385,15.226203382480486,-0.5365323177461927,0.8438797734357061,22289.348766634794,0.47282984117107435,5.632255889190346,0.47282984117107435,16.761282296203134,21.690037290431125,21.596573593954208,22.61705398604533,5.632255889190346,9.49488930239268,8.423854580063514,138333,93617,495.81720430107526,335.5448028673835,18.37454303194394,11962.200286738354,4894,21.609824274621985,362
55,263645,1,-13.141590341382184,0,0,31566.1,2033.3,315,8,2,0,0,0.0,0.0,0.0,1,34,0.8660254037844387,-0.4999999999999998,1.4161966027132964,15.524565976491418,-0.5365323177461927,0.8438797734357061,22289.348766634794,0.47282984117107435,5.632255889190346,0.47282984117107435,16.761282296203134,21.690037290431125,21.596573593954208,22.61705398604533,5.632255889190346,9.49488930239268,8.423854580063514,16095,12417,51.095238095238095,39.41904761904762,16.444608371624366,1035.7392698412698,4894,21.609824274621985,362
56,268635,0,-2.0513738551207332,1,1,12133.4,1075.0,121,14,1,0,1,0.008264462809917356,6.0,0.049586776859504134,28,59,-0.4999999999999997,-0.8660254037844388,1.3489389438185273,11.286883720930232,0.9830611239812055,0.18327800336322148,8994.77330356644,0.6692717327341563,0.9553339968379982,20.665858235595103,8.466680064488465,2.0186387674302244,1.2574618068064949,16.20443545997711,0.9553339968379982,10.998134574404176,10.188028576634933,871964,778226,7206.3140495867765,6431.619834710744,14.591267301211314,89484.8724793388,51136,10.709560779098872,7341
56,268635,1,-5.5829725228975855,0,0,13410.3,1109.6,133,14,1,0,0,0.0,0.0,0.0,28,59,-0.4999999999999997,-0.8660254037844388,1.4908991641493394,12.085706560922855,0.9830611239812055,0.18327800336322148,8994.77330356644,0.6692717327341563,0.9553339968379982,20.665858235595103,8.466680064488465,2.0186387674302244,1.2574618068064949,16.20443545997711,0.9553339968379982,10.998134574404176,10.188028576634933,875596,767399,6583.428571428572,5769.917293233083,14.630790819312919,81926.3359398496,51136,10.709560779098872,7341
57,269626,0,-5.2778517901748545,0,0,12677.4,1088.2,130,11,3,0,0,0.0,0.0,0.0,16,46,0.258819045102521,-0.9659258262890682,1.2403868370954703,11.649880536666053,0.999976364180027,0.00687539680993163,10220.521228430485,1.113221755399949,1.3986793066176766,22.28484446826,9.242286940753234,2.118256442266517,1.113221755399949,15.795216851924577,1.3986793066176766,11.274873846512806,10.48725893704593,1228074,1067816,9446.723076923077,8213.969230769231,14.16824793411078,111596.88399999999,54828,10.585732654847888,8892
57,269626,1,-5.809408825978353,0,0,13954.2,1122.8,142,11,3,0,0,0.0,0.0,0.0,16,46,0.258819045102521,-0.9659258262890682,1.3653119726598208,12.428037050231564,0.999976364180027,0.00687539680993163,10220.521228430485,1.113221755399949,1.3986793066176766,22.28484446826,9.242286940753234,2.118256442266517,1.113221755399949,15.795216851924577,1.3986793066176766,11.274873846512806,10.48725893704593,1231706,1056989,8673.985915492958,7443.584507042254,14.238467890606609,102648.78894366194,54828,10.585732654847888,8892
58,271381,0,-3.7003746877602,0,0,8888.3,908.8,90,6,0,0,0,0.0,0.0,0.0,6,27,1.0,6.123233995736766e-17,1.574268103061825,9.780259683098592,0.3962067776960507,-0.9181613089799157,5645.988750399611,0.857911614964748,4.431717007143412,21.766050128796195,8.974024103517351,1.9300462453762333,0.857911614964748,16.982002852299402,9.360725613393832,5.034502015133525,5.290319740647201,979118,904830,10879.08888888889,10053.666666666666,13.04107234723914,114192.83888888892,64179,10.623190607519593,2117
58,271381,1,-3.8542048293089093,0,0,9257.8,951.0,82,6,0,0,2,0.024390243902439025,5.0,0.12195121951219512,6,27,1.0,6.123233995736766e-17,1.6397127959818822,9.734805467928496,0.3962067776960507,-0.9181613089799157,5645.988750399611,0.857911614964748,4.431717007143412,21.766050128796195,8.974024103517351,1.9300462453762333,0.857911614964748,16.982002852299402,9.360725613393832,5.034502015133525,5.290319740647201,1513993,1450008,18463.329268292684,17683.024390243903,12.83825208027505,194936.59719512193,64179,10.623190607519593,2117
59,280572,0,-11.296835970024981,0,0,27135.0,1737.9,263,19,6,1,1,0.0038022813688212928,5.0,0.019011406844106463,26,76,-0.9659258262890684,0.2588190451025203,1.2908283178808506,15.61367167270844,0.7829908283794946,-0.6220332488489605,21021.385744424522,0.7098493890574998,0.5264566092364008,21.54412163776853,8.963717742003253,1.7626005429152982,0.7098493890574998,0.5264566092364008,16.65492394169305,21.31897628225924,21.248935732772196,1058250,976530,4023.764258555133,3713.041825095057,19.41679916219019,42733.95197718631,41717,10.654614425773666,229
59,280572,1,-12.042089925062447,0,0,28925.1,1856.0,285,19,6,1,1,0.0035087719298245615,5.0,0.017543859649122806,26,76,-0.9659258262890684,0.2588190451025203,1.3759844546723934,15.584644396551724,0.7829908283794946,-0.6220332488489605,21021.385744424522,0.7098493890574998,0.5264566092364008,21.54412163776853,8.963717742003253,1.7626005429152982,0.7098493890574998,0.5264566092364008,16.65492394169305,21.31897628225924,21.248935732772196,1178160,1059647,4133.894736842105,3718.059649122807,17.887348623436022,49552.948350877195,41717,10.654614425773666,229
60,281687,0,-10.577393838467945,0,0,25406.9,1685.1,249,23,5,1,0,0.0,0.0,0.0,11,94,-0.25881904510252157,0.9659258262890681,1.4125246924843404,15.07738413150555,-0.782997394832739,0.6220249831679945,17986.871404927082,1.0998230832074531,1.8672469062200947,1.0998230832074531,16.16195334452742,20.745744131941255,20.677146818945108,19.080362488295904,7.686429934046015,3.1551465899820696,2.7424323593169513,19940,41048,80.08032128514056,164.85140562248995,20.447884685369182,1490.5851405622495,822,20.872992700729924,4901
60,281687,1,-11.37427144046628,0,0,27321.0,1845.3,265,23,5,1,0,0.0,0.0,0.0,11,94,-0.25881904510252157,0.9659258262890681,1.5189411979960035,14.80572264672411,-0.782997394832739,0.6220249831679945,17986.871404927082,1.0998230832074531,1.8672469062200947,1.0998230832074531,16.16195334452742,20.745744131941255,20.677146818945108,19.080362488295904,7.686429934046015,3.1551465899820696,2.7424323593169513,156586,129552,590.8905660377359,488.8754716981132,17.804340944659238,13282.36143396227,822,20.872992700729924,4901
61,293885,0,-1.783472106577852,1,1,12690.9,1100.5,125,14,4,0,1,0.008,7.0,0.056,10,56,-0.4999999999999997,-0.8660254037844388,1.3118768261896165,11.531940027260337,0.9955555955814742,0.09417566621169297,9673.850278201102,0.7136929527909602,1.0972940585522153,21.600627418651545,8.985783810205529,1.7756995626215,0.7136929527909602,16.071418510259605,1.0972940585522153,11.081402267483783,10.27875296182464,1084471,959215,8675.768,7673.72,14.446564185294225,104002.78632,64179,10.623190607519593,7341
61,293885,1,-2.3150707743547043,1,1,13967.8,1135.1,137,14,4,0,2,0.014598540145985401,6.5,0.0948905109489051,10,56,-0.4999999999999997,-0.8660254037844388,1.4438718398893162,12.305347546471676,0.9955555955814742,0.09417566621169297,9673.850278201102,0.7136929527909602,1.0972940585522153,21.600627418651545,8.985783810205529,1.7756995626215,0.7136929527909602,16.071418510259605,1.0972940585522153,11.081402267483783,10.27875296182464,1088103,948388,7942.3576642335765,6922.540145985401,14.49670726045273,95393.29489051092,64179,10.623190607519593,7341
62,302794,0,-11.479808492922565,0,0,27574.5,1641.3,270,17,4,0,0,0.0,0.0,0.0,10,68,-0.9659258262890683,-0.25881904510252063,1.4237297362659282,16.80040212027052,-0.7780236715221286,0.6282349612614908,19367.79101932697,0.946604610673491,0.8667663957243057,0.946604610673491,16.35476061271544,20.908808659226143,20.845307975650165,20.28986190136997,8.236381601024444,2.2612582998517765,1.6033235062998397,870321,850691,3223.411111111111,3150.7074074074076,20.394679330334785,34519.82266666667,1654,21.28397823458283,16636
62,302794,1,-12.122564529558703,0,0,29118.4,1771.6,287,17,4,0,0,0.0,0.0,0.0,10,68,-0.9659258262890683,-0.25881904510252063,1.5034445575617257,16.436215850079027,-0.7780236715221286,0.6282349612614908,19367.79101932697,0.946604610673491,0.8667663957243057,0.946604610673491,16.35476061271544,20.908808659226143,20.845307975650165,20.28986190136997,8.236381601024444,2.2612582998517765,1.6033235062998397,727816,615605,2535.94425087108,2144.965156794425,17.971615385855337,33154.69170731707,1654,21.28397823458283,16636
63,304112,0,-8.37735220649459,0,0,20122.4,1393.8,206,23,6,1,0,0.0,0.0,0.0,5,92,-0.25881904510252157,0.9659258262890681,1.3531525840585754,14.437078490457743,-0.025098556017566515,0.9996849816246282,14870.754589734383,0.4659362778320777,7.8287435830630585,0.4659362778320777,16.773513337818628,21.70211865020477,21.608804922413572,15.317325818246507,7.8287435830630585,18.16998685712986,17.374250219664294,14017,3602,68.04368932038835,17.485436893203882,14.690735061137513,1421.8627669902914,4894,21.609824274621985,16
63,304112,1,-9.418442964196503,0,0,22623.1,1532.4,228,23,6,1,0,0.0,0.0,0.0,5,92,-0.25881904510252157,0.9659258262890681,1.5213148642515582,14.763181936831113,-0.025098556017566515,0.9996849816246282,14870.754589734383,0.4659362778320777,7.8287435830630585,0.4659362778320777,16.773513337818628,21.70211865020477,21.608804922413572,15.317325818246507,7.8287435830630585,18.16998685712986,17.374250219664294,15156,6933,66.47368421052632,30.407894736842106,18.30270375770044,1381.9665350877194,4894,21.609824274621985,16
64,305485,0,-12.545795170691092,0,0,30135.0,1795.6,292,6,1,0,0,0.0,0.0,0.0,14,24,1.0,6.123233995736766e-17,1.7209585565427106,16.782691022499446,-0.9361490351106346,0.3516034471694323,17510.590179777006,0.8973057524923563,3.1236498670747723,0.8973057524923563,16.70938362087004,21.109553965685542,21.064443749276677,18.351003334778245,12.83153674142849,6.073215160430603,6.8473501535170955,56970,92812,195.1027397260274,317.8493150684931,19.711653243471776,2952.738938356164,920,20.181521739130435,2731
64,305485,1,-9.514904246461283,0,0,22854.8,1898.8,219,6,1,0,0,0.0,0.0,0.0,14,24,1.0,6.123233995736766e-17,1.3051987263339089,12.03644406993891,-0.9361490351106346,0.3516034471694323,17510.590179777006,0.8973057524923563,3.1236498670747723,0.8973057524923563,16.70938362087004,21.109553965685542,21.064443749276677,18.351003334778245,12.83153674142849,6.073215160430603,6.8473501535170955,30681,51377,140.0958904109589,234.59817351598173,16.696171368108217,2267.5878995433795,920,20.181521739130435,2731
65,311831,0,-9.075395503746877,0,0,21799.1,1723.7,218,23,3,0,1,0.0045871559633027525,13.5,0.06192660550458716,2,94,-0.25881904510252157,0.9659258262890681,1.3803349470920099,12.646690259325867,0.011297600349847463,-0.9999361800766763,15792.616166043445,1.1122539995373244,12.616998712045827,20.743927384509654,9.93741106371785,1.1122539995373244,1.580373752686038,17.719913908027753,21.472904089662872,16.56100487455747,17.36734453275107,787654,817197,3613.091743119266,3748.6100917431195,12.875242637462307,41219.612935779805,49445,10.48250844372535,4
65,311831,1,-9.759034138218153,0,0,23441.2,1804.3,233,23,3,0,1,0.004291845493562232,13.5,0.05793991416309013,2,94,-0.25881904510252157,0.9659258262890681,1.4843139194633368,12.991852796098211,0.011297600349847463,-0.9999361800766763,15792.616166043445,1.1122539995373244,12.616998712045827,20.743927384509654,9.93741106371785,1.1122539995373244,1.580373752686038,17.719913908027753,21.472904089662872,16.56100487455747,17.36734453275107,786901,812532,3377.257510729614,3487.261802575107,13.069122137274132,38522.253433476384,49445,10.48250844372535,4
66,314127,0,26.605703580349708,2,2,15959.6,1228.6,154,16,3,0,3,0.01948051948051948,25.333333333333332,0.4935064935064935,16,64,-0.8660254037844385,-0.5000000000000004,1.5976088137938258,12.990069998372132,0.9865227191089986,0.16362434012636365,9989.679489875181,0.39003823368999063,1.052847717998753,21.384041351719056,9.39039420818668,1.1346117093875612,0.39003823368999063,16.11211693881868,1.052847717998753,11.052932962607768,10.248063842076062,1159826,1110174,7531.337662337663,7208.922077922078,16.059312333407014,90025.63292207789,38258,10.566014951121334,7341
66,314127,1,2.682389675270608,1,1,13373.4,1237.8,129,16,3,0,3,0.023255813953488372,17.333333333333332,0.40310077519379844,16,64,-0.8660254037844385,-0.5000000000000004,1.3387216290126538,10.80416868637906,0.9865227191089986,0.16362434012636365,9989.679489875181,0.39003823368999063,1.052847717998753,21.384041351719056,9.39039420818668,1.1346117093875612,0.39003823368999063,16.11211693881868,1.052847717998753,11.052932962607768,10.248063842076062,1308304,1211857,10141.891472868218,9394.24031007752,14.332157903029167,119201.9218604651,38258,10.566014951121334,7341
67,315558,0,-9.317568692756037,0,0,22380.8,1619.5,220,23,3,0,0,0.0,0.0,0.0,2,94,-0.25881904510252157,0.9659258262890681,1.3416385665094466,13.819573942574868,0.09765105369731958,0.9952207150736982,16681.690999855746,4.909207186821432,10.692587355878732,16.542846920510975,9.446748869774432,5.5133324042726235,5.770971399672704,27.796125322244002,10.692587355878732,13.631049211580345,12.602998667888013,45363,117392,206.19545454545454,533.6,15.088416806696554,2613.837227272728,2963,11.989875126560918,276
67,315558,1,-4.621523730224814,1,1,22510.4,1803.9,222,23,3,0,3,0.013513513513513514,10.666666666666666,0.14414414414414414,2,94,-0.25881904510252157,0.9659258262890681,1.3494075630698745,12.478740506679971,0.09765105369731958,0.9952207150736982,16681.690999855746,4.909207186821432,10.692587355878732,16.542846920510975,9.446748869774432,5.5133324042726235,5.770971399672704,27.796125322244002,10.692587355878732,13.631049211580345,12.602998667888013,1520107,1436163,6847.328828828829,6469.2027027027025,12.732288408633478,73090.63707207206,2963,11.989875126560918,276
68,316937,0,-5.875020815986678,0,0,14111.8,1251.5,135,7,0,0,2,0.014814814814814815,6.0,0.08888888888888889,27,30,0.9659258262890683,-0.25881904510252063,1.3381337253668006,11.275908909308828,-0.24681679491903782,-0.9690621598978538,10545.881725035937,1.1916034003610374,6.9709823906519155,20.245937309499862,9.59231354057527,1.6006915138647795,1.8827167644659148,19.506294514577924,18.11880555433133,11.240621526841373,12.160849645752918,1193714,1023831,8842.325925925927,7583.933333333333,13.091577557358953,98137.75518518516,39128,9.876052954406052,132
68,316937,1,-6.7360949208992515,0,0,16180.1,1261.7,154,7,0,0,0,0.0,0.0,0.0,27,30,0.9659258262890683,-0.25881904510252063,1.5342576772493495,12.824046920821115,-0.24681679491903782,-0.9690621598978538,10545.881725035937,1.1916034003610374,6.9709823906519155,20.245937309499862,9.59231354057527,1.6006915138647795,1.8827167644659148,19.506294514577924,18.11880555433133,11.240621526841373,12.160849645752918,517738,578208,3361.935064935065,3754.5974025974024,13.312532927884106,40041.62512987013,39128,9.876052954406052,132
69,319891,0,11.773272273105745,2,2,19760.6,1917.7,192,16,1,0,6,0.03125,12.083333333333334,0.3776041666666667,28,65,-0.8660254037844385,-0.5000000000000004,1.3034780863909734,10.304322886791468,0.2114827717484147,-0.9773817254551099,15159.901962535088,1.22588186516264,10.396469507992359,22.271079143922247,9.137788632539191,2.2442062676014194,1.22588186516264,14.011678440145618,16.799559295536802,13.458445491213315,14.070775200839025,1666919,1474138,8681.869791666666,7677.802083333333,12.730741660063154,98296.63963541662,34500,9.946423188405797,26
69,319891,1,-9.082348043297253,0,0,21815.8,1951.0,215,16,1,0,1,0.004651162790697674,9.0,0.04186046511627907,28,65,-0.8660254037844385,-0.5000000000000004,1.4390462454119914,11.181855458739108,0.2114827717484147,-0.9773817254551099,15159.901962535088,1.22588186516264,10.396469507992359,22.271079143922247,9.137788632539191,2.2442062676014194,1.22588186516264,14.011678440145618,16.799559295536802,13.458445491213315,14.070775200839025,1156427,1085110,5378.7302325581395,5047.023255813953,13.329604022777433,56656.951767441846,34500,9.946423188405797,26
70,322108,0,-11.672731057452124,0,0,28037.9,1765.8,275,6,0,0,2,0.007272727272727273,5.5,0.04,27,26,1.0,6.123233995736766e-17,1.310895099987271,15.878298788084722,0.7913134576456927,-0.6114106735646823,21388.362806659552,0.4536313193564443,0.4991747672378806,21.8874607317245,9.368304038399693,1.5127637781378638,0.4536313193564443,0.4991747672378806,16.65713560852838,21.346566214462175,21.274203384277723,1564379,1461245,5688.650909090909,5313.618181818182,19.49178123689252,61288.147709090925,61669,10.718407141351408,185
70,322108,1,-12.335137385512073,0,0,29629.0,1936.9,294,6,0,0,0,0.0,0.0,0.0,27,26,1.0,6.123233995736766e-17,1.385286020619335,15.297124270741907,0.7913134576456927,-0.6114106735646823,21388.362806659552,0.4536313193564443,0.4991747672378806,21.8874607317245,9.368304038399693,1.5127637781378638,0.4536313193564443,0.4991747672378806,16.65713560852838,21.346566214462175,21.274203384277723,1451657,1284942,4937.608843537415,4370.551020408163,17.758442185984485,58321.87095238096,61669,10.718407141351408,185
71,322590,0,-7.469442131557036,0,0,17941.6,1462.9,174,7,0,0,0,0.0,0.0,0.0,27,31,0.9659258262890683,-0.25881904510252063,1.4328290227496967,12.264406316221203,0.9296230440601818,0.3685118667726743,12521.801076843658,1.991936038234669,1.0991554831270511,21.289259002425897,12.097352207313017,2.5470965915233212,3.5682148075458353,16.068685984220224,1.0991554831270511,11.08010651482687,10.277673250438895,816028,686654,4689.816091954023,3946.287356321839,15.001621856044695,62931.57500000001,36134,10.928737477168317,7341
71,322590,1,3.7123646960865937,3,3,16904.4,1626.6,174,7,0,0,7,0.040229885057471264,7.071428571428571,0.28448275862068967,27,31,0.9659258262890683,-0.25881904510252063,1.3499974880818866,10.392475101438585,0.9296230440601818,0.3685118667726743,12521.801076843658,1.991936038234669,1.0991554831270511,21.289259002425897,12.097352207313017,2.5470965915233212,3.5682148075458353,16.068685984220224,1.0991554831270511,11.08010651482687,10.277673250438895,3101191,2730281,17822.936781609194,15691.270114942528,13.359750041346654,197614.03574712647,36134,10.928737477168317,7341
72,323777,0,-7.49533721898418,0,0,18003.8,1469.5,175,10,1,0,1,0.005714285714285714,32.5,0.18571428571428572,21,40,0.49999999999999994,-0.8660254037844387,1.4722171989246173,12.251650221163661,0.9346405940515108,0.35559381315067756,12229.037952518755,2.2015483577536794,1.046813198163012,21.273497470475803,11.803119513176696,2.2015483577536794,3.2154371497801755,16.120600885183933,1.046813198163012,11.05622608246287,10.25070365920729,875406,730266,5002.32,4172.948571428571,14.964639045629735,65960.33445714286,39475,11.352917036098797,7341
72,323777,1,-2.0679850124895927,1,1,16977.3,1639.7,171,10,1,0,10,0.05847953216374269,8.55,0.5,21,40,0.49999999999999994,-0.8660254037844387,1.3882776442363782,10.35390620235409,0.9346405940515108,0.35559381315067756,12229.037952518755,2.2015483577536794,1.046813198163012,21.273497470475803,11.803119513176696,2.2015483577536794,3.2154371497801755,16.120600885183933,1.046813198163012,11.05622608246287,10.25070365920729,3026744,2664439,17700.25730994152,15581.51461988304,13.39557939348799,196163.8134502924,39475,11.352917036098797,7341
73,324405,0,-10.232264779350544,0,0,24577.9,1582.2,250,16,0,0,0,0.0,0.0,0.0,6,64,-0.8660254037844385,-0.5000000000000004,1.5544207804461627,15.534003286563014,-0.9326417302688821,-0.36080382891685875,15811.61311607366,1.2053452042092183,14.047425049695178,21.99807155310855,11.499771226877833,1.2053452042092183,2.277506504027625,34.130751049910934,27.309223273612794,16.871817484349712,17.826366251414676,746660,642180,2986.64,2568.72,25.553164281460056,33180.436680000006,61736,11.437775042114811,6
73,324405,1,-11.301498751040802,0,0,27146.2,1787.3,268,16,0,0,0,0.0,0.0,0.0,6,64,-0.8660254037844385,-0.5000000000000004,1.716852025199371,15.188384714373637,-0.9326417302688821,-0.36080382891685875,15811.61311607366,1.2053452042092183,14.047425049695178,21.99807155310855,11.499771226877833,1.2053452042092183,2.277506504027625,34.130751049910934,27.309223273612794,16.871817484349712,17.826366251414676,698126,665409,2604.9477611940297,2482.8694029850744,25.497145654637432,28307.444253731344,61736,11.437775042114811,6
74,325460,0,-8.253497085761866,0,0,19824.9,1672.0,200,21,2,0,3,0.015,9.0,0.135,1,86,-0.7071067811865477,0.7071067811865474,1.0755906098655927,11.856997607655503,0.36074102972665084,0.9326660224709356,18431.641014862846,0.8327133582690734,10.432610877972907,20.827414395773534,13.931136260850543,5.176586243710188,6.175743466280397,27.5399261520293,10.432610877972907,13.28871403515635,12.259539284211979,1164679,1223971,5823.395,6119.855,12.381726053100751,69318.00739999999,13980,14.80140200286123,373
74,325460,1,-2.589675270607829,1,1,21833.4,1677.1,223,21,2,0,1,0.004484304932735426,13.0,0.05829596412556054,1,86,-0.7071067811865477,0.7071067811865474,1.1845608311486784,13.018543915091529,0.36074102972665084,0.9326660224709356,18431.641014862846,0.8327133582690734,10.432610877972907,20.827414395773534,13.931136260850543,5.176586243710188,6.175743466280397,27.5399261520293,10.432610877972907,13.28871403515635,12.259539284211979,865562,1014844,3881.4439461883408,4550.869955156951,13.38294348434013,45604.13121076231,13980,14.80140200286123,373
75,328987,0,-5.010532889258951,0,0,12035.3,1079.7,115,6,4,0,0,0.0,0.0,0.0,3,26,1.0,6.123233995736766e-17,1.3835874320653894,11.14689265536723,0.9876129436001255,0.15690976270932075,8698.61905440552,1.169117973390888,1.355273725424417,20.24631758018616,7.93151723925699,2.5532038629442915,1.8027348538996735,15.832663430959801,1.355273725424417,11.241625261044845,10.452127961820745,532380,453338,4629.391304347826,3942.0695652173913,14.665975437259752,62993.73252173916,23664,10.273597025016903,8892
75,328987,1,-5.5421315570358045,0,0,13312.2,1114.3,127,6,4,0,0,0.0,0.0,0.0,3,26,1.0,6.123233995736766e-17,1.5303808474355336,11.9466929911155,0.9876129436001255,0.15690976270932075,8698.61905440552,1.169117973390888,1.355273725424417,20.24631758018616,7.93151723925699,2.5532038629442915,1.8027348538996735,15.832663430959801,1.355273725424417,11.241625261044845,10.452127961820745,536012,442511,4220.566929133858,3484.3385826771655,14.700821768257969,57581.19960629923,23664,10.273597025016903,8892
76,335158,0,-13.245670274771026,0,0,31816.1,2209.3,309,5,4,0,1,0.003236245954692557,25.5,0.0825242718446602,3,23,0.9659258262890683,0.25881904510252074,1.4270150195199924,14.400986737880775,-0.690860945068773,0.7229876586627753,22295.560708745754,0.738971488910131,4.0687182743029275,0.738971488910131,16.375473185009675,21.15515860656692,21.0711441172935,23.027249401439477,7.927703276935724,5.110546760818402,4.0687182743029275,271779,279727,879.5436893203884,905.2653721682848,17.67719638466865,15442.658122977351,223,21.39103139013453,16750
76,335158,1,-13.739342214820985,0,0,33001.9,2312.2,315,5,4,0,0,0.0,0.0,0.0,3,23,0.9659258262890683,0.25881904510252074,1.4802004951171528,14.2729435169968,-0.690860945068773,0.7229876586627753,22295.560708745754,0.738971488910131,4.0687182743029275,0.738971488910131,16.375473185009675,21.15515860656692,21.0711441172935,23.027249401439477,7.927703276935724,5.110546760818402,4.0687182743029275,1600097,1450506,5079.673015873016,4604.780952380952,17.7911953250482,53629.88517460317,223,21.39103139013453,16750
77,338686,0,-12.123355537052456,0,0,29120.3,1875.8,283,18,6,1,0,0.0,0.0,0.0,5,73,-1.0,-1.8369701987210297e-16,1.4747281622236499,15.524203006717133,-0.919304446926969,0.393547117713114,19746.215435454444,0.9339174439171439,1.3670689813235184,0.9339174439171439,16.17448025555466,21.014131212516006,20.922183507910553,20.49733846378474,12.380289035240574,3.6107106048341477,4.5585011042017465,398756,396044,1409.0318021201413,1399.4487632508833,18.866794184873655,17075.488763250876,1029,20.159086491739554,12620
77,338686,1,-10.987676935886762,0,0,26392.4,2104.0,258,18,6,1,0,0.0,0.0,0.0,5,73,-1.0,-1.8369701987210297e-16,1.336580170831738,12.543916349809887,-0.919304446926969,0.393547117713114,19746.215435454444,0.9339174439171439,1.3670689813235184,0.9339174439171439,16.17448025555466,21.014131212516006,20.922183507910553,20.49733846378474,12.380289035240574,3.6107106048341477,4.5585011042017465,159645,190353,618.7790697674419,737.8023255813954,15.482089112587564,7714.702131782943,1029,20.159086491739554,12620
78,340652,0,-0.38696919233971805,2,3,21947.0,1582.0,219,20,3,0,4,0.0182648401826484,7.625,0.13926940639269406,9,83,-0.8660254037844386,0.5000000000000001,1.1727239946617183,13.872945638432364,0.47838747420982847,0.8781488623913036,18714.548435866862,0.14757811010580438,13.72029468382569,20.729479800131507,8.966717220475426,1.5345700226241352,1.0439434958492462,29.790863991007413,13.72029468382569,19.67296296417668,18.608729377955033,1008553,1037169,4605.264840182648,4735.931506849315,13.230698004181729,50280.38255707762,62007,10.548896092376667,10
78,340652,1,-4.317943380516239,1,1,23582.7,1689.4,235,20,3,0,3,0.01276595744680851,7.333333333333333,0.09361702127659574,9,83,-0.8660254037844386,0.5000000000000001,1.2601265844493055,13.959216289807031,0.47838747420982847,0.8781488623913036,18714.548435866862,0.14757811010580438,13.72029468382569,20.729479800131507,8.966717220475426,1.5345700226241352,1.0439434958492462,29.790863991007413,13.72029468382569,19.67296296417668,18.608729377955033,1559203,1536843,6634.906382978724,6539.75744680851,12.234103912473609,71403.59306382977,62007,10.548896092376667,10
79,345917,0,-10.882098251457121,0,0,26138.8,1550.3,259,1,6,1,0,0.0,0.0,0.0,12,6,0.25881904510252074,0.9659258262890683,1.6454236499832284,16.860478617041863,-0.89387232957156,0.448321601561103,15885.75683852996,0.516753036629555,5.302822625159167,0.516753036629555,16.60827413363188,21.34295009608719,21.26582920574367,16.370126352956067,9.968522271125469,5.887144938581727,6.2216868981507885,42176,63780,162.84169884169884,246.25482625482624,20.884808517326725,2767.716409266409,5953,21.367554174365868,1791
79,345917,1,-8.176727726894256,0,0,19640.5,1597.2,196,1,6,1,0,0.0,0.0,0.0,12,6,0.25881904510252074,0.9659258262890683,1.2363590982560637,12.296831955922865,-0.89387232957156,0.448321601561103,15885.75683852996,0.516753036629555,5.302822625159167,0.516753036629555,16.60827413363188,21.34295009608719,21.26582920574367,16.370126352956067,9.968522271125469,5.887144938581727,6.2216868981507885,28839,38710,147.1377551020408,197.5,17.360345952959353,2626.9042346938786,5953,21.367554174365868,1791
80,350427,0,-4.58172356369692,1,1,18811.8,1418.6,186,22,2,0,1,0.005376344086021506,6.5,0.03494623655913978,8,89,-0.5000000000000004,0.8660254037844384,1.1756762134525403,13.260820527280417,0.4366129377504645,0.899649455392993,16000.834060218396,1.2738325098256282,10.619392282739138,20.73753413414806,10.311549272310842,1.2738325098256282,1.9654173554746868,27.51064058076604,10.619392282739138,15.275882579148757,14.218569617443126,1006521,1036405,5411.403225806452,5572.069892473119,12.95964068809974,58891.19048387096,49961,10.370912311603051,90
80,350427,1,-8.268776019983347,0,0,19861.6,1522.0,196,22,2,0,1,0.00510204081632653,6.0,0.030612244897959183,8,89,-0.5000000000000004,0.8660254037844384,1.241285293332322,13.049671484888304,0.4366129377504645,0.899649455392993,16000.834060218396,1.2738325098256282,10.619392282739138,20.73753413414806,10.311549272310842,1.2738325098256282,1.9654173554746868,27.51064058076604,10.619392282739138,15.275882579148757,14.218569617443126,2059236,1955775,10506.30612244898,9978.44387755102,11.896114291041442,111930.21219387755,49961,10.370912311603051,90
81,363485,0,-6.052872606161532,1,1,22946.0,1688.4,227,23,1,0,3,0.013215859030837005,7.0,0.09251101321585903,28,92,-0.25881904510252157,0.9659258262890681,1.1609877596403446,13.59038142620232,0.4969603133237231,0.8677732693400891,19764.204927628438,1.1012681505478892,13.458187720246375,20.761863305139904,9.98099682672973,1.1012681505478892,1.601197677063806,29.494692136978035,13.458187720246375,19.52633878342253,18.46038445833283,1075986,1066832,4740.026431718062,4699.700440528634,13.065795027300192,51360.88154185022,49445,10.48250844372535,7
81,363485,1,-3.669858451290592,1,1,24428.0,1782.6,240,23,1,0,5,0.020833333333333332,7.9,0.16458333333333333,28,92,-0.25881904510252157,0.9659258262890681,1.2359718030373197,13.703579041848986,0.4969603133237231,0.8677732693400891,19764.204927628438,1.1012681505478892,13.458187720246375,20.761863305139904,9.98099682672973,1.1012681505478892,1.601197677063806,29.494692136978035,13.458187720246375,19.52633878342253,18.46038445833283,1928431,1849465,8035.129166666667,7706.104166666667,12.097132925843063,85640.63433333332,49445,10.48250844372535,7
82,372355,0,-5.235137385512073,0,0,12574.8,1101.4,121,10,0,0,0,0.0,0.0,0.0,6,41,0.49999999999999994,-0.8660254037844387,1.3566357089718324,11.41710550208825,0.9939881077302866,0.10948808926437752,9269.105860061869,0.8765206512147302,0.45345043866290596,21.859417180243184,9.027525536325435,1.9451930873206504,0.8765206512147302,16.663800872951093,0.45345043866290596,10.671740375548424,9.836633058759928,1084433,958572,8962.256198347108,7922.082644628099,14.355974766557132,107435.32719008262,64179,10.623190607519593,27700
82,372355,1,-5.766736053288927,0,0,13851.7,1136.0,133,10,0,0,0,0.0,0.0,0.0,6,41,0.49999999999999994,-0.8660254037844387,1.4943944118367793,12.193397887323945,0.9939881077302866,0.10948808926437752,9269.105860061869,0.8765206512147302,0.45345043866290596,21.859417180243184,9.027525536325435,1.9451930873206504,0.8765206512147302,16.663800872951093,0.45345043866290596,10.671740375548424,9.836633058759928,1088065,947745,8180.93984962406,7125.902255639097,14.414806575288239,98257.20075187966,64179,10.623190607519593,27700
83,375394,0,-10.7763114071607,0,0,25884.7,1637.4,252,17,5,1,0,0.0,0.0,0.0,4,68,-0.9659258262890683,-0.25881904510252063,1.346188975823073,15.808415781116404,0.76294213015306,-0.6464667864921687,19228.13250210569,1.132587240645837,1.1106552264055174,20.253214315541975,7.967171408424566,2.5181646296695317,1.7760768333172754,1.1106552264055174,16.33741502214259,20.783747716717684,20.729876131684694,608693,551614,2415.4484126984125,2188.9444444444443,19.701154999895518,25725.559722222228,23664,10.273597025016903,170
83,375394,1,-5.021565362198169,1,1,27674.8,1755.5,274,17,5,1,2,0.0072992700729927005,11.25,0.08211678832116788,4,68,-0.9659258262890683,-0.25881904510252063,1.4392869404748123,15.764625462831102,0.76294213015306,-0.6464667864921687,19228.13250210569,1.132587240645837,1.1106552264055174,20.253214315541975,7.967171408424566,2.5181646296695317,1.7760768333172754,1.1106552264055174,16.33741502214259,20.783747716717684,20.729876131684694,728603,634731,2659.1350364963505,2316.536496350365,18.07751587252042,34183.94875912409,23664,10.273597025016903,170
84,376921,0,-7.097210657785181,0,0,17047.5,1426.0,171,3,0,0,0,0.0,0.0,0.0,6,12,0.7071067811865476,0.7071067811865476,1.1480594514694382,11.95476858345021,0.3595581664893222,0.9331226740953393,14848.9696924496,1.6316336001997722,9.82075630119256,21.159972864051877,12.315740298560996,2.9294240906159508,3.9412478899754038,26.893512710144808,9.82075630119256,11.931670191197293,10.90912441865761,1121405,1123166,6557.923976608187,6568.222222222223,11.915394073442414,73557.7912865497,27877,11.17643935861104,2068
84,376921,1,-7.854496253122399,0,0,18866.5,1615.2,187,3,0,0,0,0.0,0.0,0.0,6,12,0.7071067811865476,0.7071067811865476,1.2705595331367154,11.680596830113917,0.3595581664893222,0.9331226740953393,14848.9696924496,1.6316336001997722,9.82075630119256,21.159972864051877,12.315740298560996,2.9294240906159508,3.9412478899754038,26.893512710144808,9.82075630119256,11.931670191197293,10.90912441865761,1666742,1576350,8913.058823529413,8429.679144385027,12.872370367618702,98041.52668449197,27877,11.17643935861104,2068
85,378133,0,-10.62164862614488,0,0,25513.2,1943.0,253,0,3,0,1,0.003952569169960474,18.0,0.07114624505928854,16,2,0.0,1.0,1.3052044902730706,13.130828615542976,-0.09572416191568285,-0.9954078987156673,19547.281816860905,3.366798391338351,12.764597692485935,21.054948803949365,6.6324551670288185,4.498162648289453,3.4505979074001476,17.186753651719854,21.26122791369134,16.62230439300498,17.40516953656332,1163014,1223055,4596.893280632411,4834.209486166008,12.603161516641986,52885.6117786561,30242,10.985391177832154,5
85,378133,1,-11.544629475437137,0,0,27730.2,2078.8,279,0,3,0,1,0.0035842293906810036,6.0,0.021505376344086023,16,2,0.0,1.0,1.4186217940583818,13.339522801616317,-0.09572416191568285,-0.9954078987156673,19547.281816860905,3.366798391338351,12.764597692485935,21.054948803949365,6.6324551670288185,4.498162648289453,3.4505979074001476,17.186753651719854,21.26122791369134,16.62230439300498,17.40516953656332,918807,929558,3293.2150537634407,3331.7491039426523,13.366633892759275,35660.41594982078,30242,10.985391177832154,5
86,391526,0,-3.1245628642797687,1,1,20115.7,1519.3,201,20,3,0,2,0.009950248756218905,10.0,0.09950248756218906,9,83,-0.8660254037844386,0.5000000000000001,1.163291311661716,13.24011057723952,0.29594577754882445,0.9552047407498676,17292.05728465857,2.062357935429261,15.951402014246666,21.37029369851937,7.838592959928186,3.120299894405862,2.062357935429261,32.624925642431,15.951402014246666,20.070801877434747,19.050221275253097,787230,762623,3916.5671641791046,3794.144278606965,12.133041734116151,41127.52487562191,21608,9.599365975564606,0
86,391526,1,-6.021648626144879,1,1,21069.5,1630.7,212,20,3,0,1,0.0047169811320754715,5.5,0.025943396226415096,9,83,-0.8660254037844386,0.5000000000000001,1.2184495837110578,12.920524927945054,0.29594577754882445,0.9552047407498676,17292.05728465857,2.062357935429261,15.951402014246666,21.37029369851937,7.838592959928186,3.120299894405862,2.062357935429261,32.624925642431,15.951402014246666,20.070801877434747,19.050221275253097,721950,735350,3405.4245283018868,3468.632075471698,13.00095283841402,37123.210283018874,21608,9.599365975564606,0
87,395202,0,-7.228434637801834,0,0,17362.7,1595.8,168,1,1,0,1,0.005952380952380952,8.5,0.050595238095238096,28,7,0.25881904510252074,0.9659258262890683,1.2833087769318996,10.880248151397419,0.7903914421066603,-0.6126021288279644,13529.635511034438,3.366369344599826,7.368270754619729,23.392943553677448,8.794234142501185,4.346579944406578,3.366369344599826,10.051599768463742,7.368270754619729,12.740450628183,12.41640010192105,1362269,1240892,8108.744047619048,7386.261904761905,15.726301067522371,84576.0695238095,26833,10.644005515596467,36
87,395202,1,-7.254621149042465,0,0,17425.6,1632.9,171,1,1,0,1,0.005847953216374269,8.5,0.049707602339181284,28,7,0.25881904510252074,0.9659258262890683,1.2879578304816939,10.671565925653743,0.7903914421066603,-0.6126021288279644,13529.635511034438,3.366369344599826,7.368270754619729,23.392943553677448,8.794234142501185,4.346579944406578,3.366369344599826,10.051599768463742,7.368270754619729,12.740450628183,12.41640010192105,1361139,1238521,7959.877192982456,7242.812865497076,14.038193489988295,82964.99461988301,26833,10.644005515596467,36
88,401499,0,-12.360616153205664,0,0,29690.2,1825.9,284,23,2,0,1,0.0035211267605633804,5.5,0.01936619718309859,15,92,-0.25881904510252157,0.9659258262890681,1.6119837885258392,16.26058382167698,-0.8736868007661549,0.48648882224260936,18418.42344280132,0.9895090961700825,3.0494432798888784,0.9895090961700825,16.45289686002028,20.913626372804995,20.859864448995417,19.377735518477596,10.72357255791163,3.1504383337489434,3.8092144241808366,259569,286548,913.9753521126761,1008.9718309859155,19.969138581478852,11611.286267605634,1654,21.28397823458283,13843
88,401499,1,-9.890840965861782,0,0,23757.8,1992.6,227,23,2,0,1,0.004405286343612335,5.5,0.024229074889867842,15,92,-0.25881904510252157,0.9659258262890681,1.2898932459545298,11.923015156077486,-0.8736868007661549,0.48648882224260936,18418.42344280132,0.9895090961700825,3.0494432798888784,0.9895090961700825,16.45289686002028,20.913626372804995,20.859864448995417,19.377735518477596,10.72357255791163,3.1504383337489434,3.8092144241808366,248181,269611,1093.308370044053,1187.7136563876652,16.542702799907122,13743.209162995603,1654,21.28397823458283,13843
89,403607,0,-11.017194004995838,0,0,26463.3,1670.5,262,16,3,0,2,0.007633587786259542,7.75,0.05916030534351145,16,67,-0.8660254037844385,-0.5000000000000004,1.3450287658409676,15.841544447770127,-0.7869749742796086,0.6169849186630167,19674.8951933783,1.0041168604281225,0.848016013184165,1.0041168604281225,16.120322576194123,20.892125151599455,20.805778217641002,20.651846188461732,8.312250983870424,2.179457758079685,1.3667122338161273,690437,639856,2635.2557251908397,2442.1984732824426,19.097608760807347,28161.701908396954,1029,20.159086491739554,55597
89,403607,1,-11.903372189841802,0,0,28591.9,1783.1,281,16,3,0,2,0.0071174377224199285,7.75,0.05516014234875445,16,67,-0.8660254037844385,-0.5000000000000004,1.4532173980587593,16.034939150916944,-0.7869749742796086,0.6169849186630167,19674.8951933783,1.0041168604281225,0.848016013184165,1.0041168604281225,16.120322576194123,20.892125151599455,20.805778217641002,20.651846188461732,8.312250983870424,2.179457758079685,1.3667122338161273,813673,709153,2895.633451957295,2523.67615658363,17.143142593642825,36903.30113879003,1029,20.159086491739554,55597
90,413998,0,-12.38734388009992,0,0,29754.4,2078.3,282,16,6,1,1,0.0035460992907801418,5.5,0.01950354609929078,5,67,-0.8660254037844385,-0.5000000000000004,1.4835955818988944,14.316701149978346,0.9074150972117168,-0.42023545941799173,20055.600301745664,1.8486400731207293,0.9176599244036479,20.763498190112784,11.970433607678613,2.8872090914315747,3.847578029637815,0.9176599244036479,16.192255220430113,21.06807397965213,20.972994811448242,516103,476252,1830.1524822695035,1688.836879432624,18.418443913745044,22124.056382978717,26124,11.069748124330117,134
90,413998,1,-10.075104079933391,0,0,24200.4,2210.4,237,16,6,1,0,0.0,0.0,0.0,5,67,-0.8660254037844385,-0.5000000000000004,1.2066654518385853,10.94842562432139,0.9074150972117168,-0.42023545941799173,20055.600301745664,1.8486400731207293,0.9176599244036479,20.763498190112784,11.970433607678613,2.8872090914315747,3.847578029637815,0.9176599244036479,16.192255220430113,21.06807397965213,20.972994811448242,504186,460577,2127.3670886075947,1943.3628691983122,15.430993183058256,25546.198227848115,26124,11.069748124330117,134
91,415158,0,-14.35058284762698,0,0,34470.1,2108.0,346,1,0,0,0,0.0,0.0,0.0,13,5,0.25881904510252074,0.9659258262890683,1.267265856759988,16.352039848197343,-0.3977833964930016,0.9174793564296101,27200.369848304385,0.5129436913019061,10.704444464671841,0.5129436913019061,16.72045016741892,21.660978238392815,21.565957106795718,27.61895598524215,10.704444464671841,15.229172161204499,14.174031644062422,16028,11441,46.323699421965316,33.066473988439306,16.070092288572752,940.7250578034682,4894,21.609824274621985,19
91,415158,1,-15.947835137385514,0,0,38306.7,2326.6,383,1,0,0,0,0.0,0.0,0.0,13,5,0.25881904510252074,0.9659258262890683,1.4083154094460946,16.46466947477005,-0.3977833964930016,0.9174793564296101,27200.369848304385,0.5129436913019061,10.704444464671841,0.5129436913019061,16.72045016741892,21.660978238392815,21.565957106795718,27.61895598524215,10.704444464671841,15.229172161204499,14.174031644062422,14917,8357,38.947780678851174,21.819843342036553,13.627071631969587,793.9105221932116,4894,21.609824274621985,19
92,417907,0,-5.732223147377185,0,0,13768.8,1199.5,135,7,1,0,2,0.014814814814814815,15.5,0.22962962962962963,14,29,0.9659258262890683,-0.25881904510252063,1.3372134788655021,11.478782826177573,0.9928645697219055,0.11924741586690811,10296.635666342154,0.19165376421425137,1.0327932782575182,21.941849567532284,9.664759008555803,1.1694141709093702,0.19165376421425137,16.132487066782126,1.0327932782575182,11.04499950378991,10.238888879463559,1541816,1395467,11420.85925925926,10336.792592592592,14.163351497272185,132315.6254814815,70806,10.741163884416574,7341
92,417907,1,-6.263821815154039,0,0,15045.7,1234.1,147,7,1,0,2,0.013605442176870748,15.5,0.2108843537414966,14,29,0.9659258262890683,-0.25881904510252063,1.4612248590266899,12.191637630662022,0.9928645697219055,0.11924741586690811,10296.635666342154,0.19165376421425137,1.0327932782575182,21.941849567532284,9.664759008555803,1.1694141709093702,0.19165376421425137,16.132487066782126,1.0327932782575182,11.04499950378991,10.238888879463559,1545448,1384640,10513.251700680272,9419.319727891156,14.231521529786946,121980.56156462582,70806,10.741163884416574,7341
93,425730,0,-3.1905079100749383,1,1,14269.1,1272.3,142,21,0,0,2,0.014084507042253521,7.75,0.10915492957746478,27,85,-0.7071067811865477,0.7071067811865474,1.4001504347354892,11.215200817417276,0.7248419751429016,0.688915169720436,10191.1192154832,0.7995218145962307,3.626658040923398,20.572780651606404,13.265829207809952,4.580440357299171,5.555491726116503,18.76230674389436,3.626658040923398,6.938189422348064,6.029622302432143,495946,575546,3492.5774647887324,4053.1408450704225,13.489641873755902,39154.866549295795,5116,13.755394839718532,1303
93,425730,1,-7.260241465445462,0,0,17439.1,1305.8,176,21,0,0,0,0.0,0.0,0.0,27,85,-0.7071067811865477,0.7071067811865474,1.7112055733294789,13.355107979782508,0.7248419751429016,0.688915169720436,10191.1192154832,0.7995218145962307,3.626658040923398,20.572780651606404,13.265829207809952,4.580440357299171,5.555491726116503,18.76230674389436,3.626658040923398,6.938189422348064,6.029622302432143,199336,266982,1132.590909090909,1516.9431818181818,13.750268033708895,15256.717386363638,5116,13.755394839718532,1303
94,428015,0,-12.534388009991675,0,0,30107.6,1956.5,288,19,1,0,2,0.006944444444444444,10.0,0.06944444444444445,7,77,-0.9659258262890684,0.2588190451025203,1.505971969250353,15.388499872220802,-0.6684070360017448,0.7437956938725595,19992.138376245504,1.0617908003983725,3.6336872416737864,1.0617908003983725,16.39925001000692,20.8426178295423,20.789782234137117,20.890558752554973,6.311403817902199,4.798323668483489,3.7586483961817554,765201,731959,2656.9479166666665,2541.5243055555557,19.626696105466056,29878.857812500002,1654,21.28397823458283,23723
94,428015,1,-0.5134471273938406,1,1,31258.3,2042.3,293,19,1,0,1,0.0034129692832764505,25.0,0.08532423208191127,7,77,-0.9659258262890684,0.2588190451025203,1.56352959406988,15.305439945159868,-0.6684070360017448,0.7437956938725595,19992.138376245504,1.0617908003983725,3.6336872416737864,1.0617908003983725,16.39925001000692,20.8426178295423,20.789782234137117,20.890558752554973,6.311403817902199,4.798323668483489,3.7586483961817554,341750,311556,1166.382252559727,1063.3310580204777,19.055958129536208,19383.865290102392,1654,21.28397823458283,23723
95,428927,0,-5.359866777685262,0,0,12874.4,1100.4,129,4,2,0,0,0.0,0.0,0.0,15,18,0.8660254037844386,0.5000000000000001,1.2347690689480018,11.69974554707379,0.9999459104964912,-0.010400773112765584,10426.56503451996,1.1885839089576569,1.4858747820467337,22.47286933759244,9.398124067740529,2.1428560395190135,1.1885839089576569,15.701050539750668,1.4858747820467337,11.29875000367504,10.517195453748613,1228033,1067813,9519.635658914729,8277.62015503876,14.089207950364314,112454.25751937984,54828,10.585732654847888,547
95,428927,1,-5.891465445462115,0,0,14151.3,1135.0,141,4,2,0,0,0.0,0.0,0.0,15,18,0.8660254037844386,0.5000000000000001,1.3572350964242106,12.468105726872245,0.9999459104964912,-0.010400773112765584,10426.56503451996,1.1885839089576569,1.4858747820467337,22.47286933759244,9.398124067740529,2.1428560395190135,1.1885839089576569,15.701050539750668,1.4858747820467337,11.29875000367504,10.517195453748613,1231665,1056986,8735.212765957447,7496.354609929078,14.166188049145802,103369.73283687941,54828,10.585732654847888,547
96,430401,0,-1.9897585345545385,1,1,12585.9,1084.9,121,17,6,1,3,0.024793388429752067,15.166666666666666,0.3760330578512397,26,69,-0.9659258262890683,-0.25881904510252063,1.3676406344316505,11.600977048575905,0.9895031424265186,0.14451135293825457,9202.6367768974,0.7126553721666263,0.3956277894140177,21.635853869613257,9.004258044435456,1.7788058600572532,0.7126553721666263,16.720158296260212,0.3956277894140177,10.645642344789442,9.807210922048819,1084433,958572,8962.256198347108,7922.082644628099,14.355974766557132,107435.32719008262,64179,10.623190607519593,27700
96,430401,1,-2.521357202331391,1,1,13862.8,1119.5,133,17,6,1,3,0.022556390977443608,15.166666666666666,0.34210526315789475,26,69,-0.9659258262890683,-0.25881904510252063,1.506394345020943,12.38302813756141,0.9895031424265186,0.14451135293825457,9202.6367768974,0.7126553721666263,0.3956277894140177,21.635853869613257,9.004258044435456,1.7788058600572532,0.7126553721666263,16.720158296260212,0.3956277894140177,10.645642344789442,9.807210922048819,1088065,947745,8180.93984962406,7125.902255639097,14.414806575288239,98257.20075187966,64179,10.623190607519593,27700
97,430847,0,-12.98751040799334,0,0,31196.0,2120.2,300,17,3,0,3,0.01,8.833333333333334,0.08833333333333333,2,70,-0.9659258262890683,-0.25881904510252063,1.425371234204277,14.71370625412697,-0.6958394589565945,0.7181973596157214,21886.228128783147,1.030812844685347,3.2418267445275313,1.030812844685347,16.418404913447464,20.871343477005123,20.81787012557833,22.7778984843597,8.197533239725125,4.280842502295292,3.2418267445275313,1060560,1002478,3535.2,3341.5933333333332,19.04210111204109,37319.71306666667,1654,21.28397823458283,18734
97,430847,1,-13.8736885928393,0,0,33324.6,2232.8,319,17,3,0,4,0.012539184952978056,14.75,0.18495297805642633,2,70,-0.9659258262890683,-0.25881904510252063,1.5226287418695938,14.925026872088855,-0.6958394589565945,0.7181973596157214,21886.228128783147,1.030812844685347,3.2418267445275313,1.030812844685347,16.418404913447464,20.871343477005123,20.81787012557833,22.7778984843597,8.197533239725125,4.280842502295292,3.2418267445275313,1183796,1071775,3710.959247648903,3359.796238244514,17.305274449999654,44474.53178683386,1654,21.28397823458283,18734
98,431898,0,-0.23634471273938473,1,1,13778.7,1140.1,132,0,4,0,1,0.007575757575757576,11.0,0.08333333333333333,3,0,0.0,1.0,1.639279851090422,12.085518814139112,0.1289902274395316,0.9916458648252903,8405.337252717793,4.655855169998698,4.9784087086925055,17.023592066990815,9.798985839167758,5.1489318674215285,5.4868145622616025,21.511322060671027,5.947721664182331,6.055314251271578,4.990046075131186,938505,1060898,7109.886363636364,8037.106060606061,12.160186653205685,80644.53734848484,1829,12.131492618917441,3433
98,431898,1,-5.323646960865945,0,0,12787.4,1246.6,122,0,4,0,0,0.0,0.0,0.0,3,0,0.0,1.0,1.5213428819724402,10.257821273864913,0.1289902274395316,0.9916458648252903,8405.337252717793,4.655855169998698,4.9784087086925055,17.023592066990815,9.798985839167758,5.1489318674215285,5.4868145622616025,21.511322060671027,5.947721664182331,6.055314251271578,4.990046075131186,740326,783542,6068.245901639344,6422.475409836065,13.047881163550777,67462.0555737705,1829,12.131492618917441,3433
99,434665,0,-2.6499999999999995,1,1,12970.8,1129.4,130,9,2,0,4,0.03076923076923077,19.375,0.5961538461538461,29,38,0.7071067811865476,-0.7071067811865475,1.2739838928321907,11.484682132105542,0.9976445868502958,0.06859503136745854,10181.29041738875,0.5352132594333179,1.3889952111933888,21.854417062729528,9.278854096510324,1.601473854788083,0.5352132594333179,15.802939667765463,1.3889952111933888,11.266059571966208,10.47809954606306,1336658,1198448,10281.984615384616,9218.83076923077,14.176517731295121,120789.91338461537,61669,10.718407141351408,8892
99,434665,1,-3.1815986677768526,1,1,14247.7,1164.0,142,9,2,0,4,0.028169014084507043,19.375,0.545774647887324,29,38,0.7071067811865476,-0.7071067811865475,1.3994002150912208,12.240292096219932,0.9976445868502958,0.06859503136745854,10181.29041738875,0.5352132594333179,1.3889952111933888,21.854417062729528,9.278854096510324,1.601473854788083,0.5352132594333179,15.802939667765463,1.3889952111933888,11.266059571966208,10.47809954606306,1340290,1187621,9438.661971830987,8363.528169014084,14.24608791801218,111064.94260563377,61669,10.718407141351408,8892
100,439491,0,-4.6216069941715245,0,0,11101.1,914.3,115,21,5,1,0,0.0,0.0,0.0,11,86,-0.7071067811865477,0.7071067811865474,1.3708037802164805,12.141638411899814,-0.3480951286233237,-0.9374592158748624,8098.241455277348,1.3013276269261733,8.683687520833077,15.881080502513962,1.3013276269261733,11.204460792874933,10.412399460302296,11.943349442519478,8.683687520833077,9.90199951226226,9.868199291831951,116606,69771,1013.9652173913043,606.704347826087,15.666193066196788,25406.674347826094,29119,26.50612761427247,184
100,439491,1,-5.250582847626978,0,0,12611.9,1013.2,128,21,5,1,0,0.0,0.0,0.0,11,86,-0.7071067811865477,0.7071067811865474,1.5573628014982506,12.44759178839321,-0.3480951286233237,-0.9374592158748624,8098.241455277348,1.3013276269261733,8.683687520833077,15.881080502513962,1.3013276269261733,11.204460792874933,10.412399460302296,11.943349442519478,8.683687520833077,9.90199951226226,9.868199291831951,87234,59592,681.515625,465.5625,19.90142546637914,17504.795156250002,29119,26.50612761427247,184
101,439994,0,-12.141590341382182,0,0,29164.1,2082.8,275,6,1,0,0,0.0,0.0,0.0,14,24,1.0,6.123233995736766e-17,1.4614768171613526,14.002352602266178,0.7055139878997836,-0.7086959946816012,19955.225876689477,3.482879094459989,0.9460934873724197,20.854056666371008,6.393220396819067,4.654424561122948,3.618316227820152,0.9460934873724197,16.1626269073157,21.03110172857331,20.936348730358024,914547,851993,3325.6254545454544,3098.1563636363635,18.560771912791733,36241.40410909091,20200,11.754415841584159,134
101,439994,1,-13.231099084096588,0,0,31781.1,2143.1,307,6,1,0,0,0.0,0.0,0.0,14,24,1.0,6.123233995736766e-17,1.5926204091292604,14.829499323410014,0.7055139878997836,-0.7086959946816012,19955.225876689477,3.482879094459989,0.9460934873724197,20.854056666371008,6.393220396819067,4.654424561122948,3.618316227820152,0.9460934873724197,16.1626269073157,21.03110172857331,20.936348730358024,633590,647628,2063.8110749185666,2109.5374592833878,17.934203226626405,28736.595407166133,20200,11.754415841584159,134
102,441587,0,-7.317943380516238,0,0,17577.7,1289.6,170,4,5,1,0,0.0,0.0,0.0,4,19,0.8660254037844386,0.5000000000000001,1.41170504278678,13.630350496277917,-0.08710613278413543,-0.9961990371564272,12451.397046298493,2.182851668745161,11.759170995233104,19.751885986721856,11.626547922451506,3.538525102431266,4.35936090850152,19.24247048207326,21.711834098809828,15.935465477896281,16.80989516615784,338821,323301,1993.0647058823529,1901.770588235294,13.338082606947177,24253.606647058827,31725,12.320395587076439,13
102,441587,1,-7.5448792672772695,0,0,18122.8,1395.0,173,4,5,1,0,0.0,0.0,0.0,4,19,0.8660254037844386,0.5000000000000001,1.4554832628510133,12.991254480286738,-0.08710613278413543,-0.9961990371564272,12451.397046298493,2.182851668745161,11.759170995233104,19.751885986721856,11.626547922451506,3.538525102431266,4.35936090850152,19.24247048207326,21.711834098809828,15.935465477896281,16.80989516615784,339587,327675,1962.9306358381502,1894.0751445086705,12.9652204755585,23891.794219653184,31725,12.320395587076439,13
103,449008,0,-10.22697751873439,0,0,24565.2,1545.8,240,23,5,1,0,0.0,0.0,0.0,11,93,-0.25881904510252157,0.9659258262890681,1.3628692317873095,15.891577176866349,-0.7689265399682725,0.639337138083203,18024.619990712115,0.911485256566379,2.489054472833114,0.911485256566379,16.196645992092932,21.04799071905793,20.95522741941626,18.869794174902186,6.790180071818168,3.8651392600786845,3.254481916520464,27138,41688,113.075,173.7,20.04651803059796,1692.2786250000001,223,21.39103139013453,693
103,449008,1,-10.543213988343048,0,0,25324.8,1598.8,249,23,5,1,0,0.0,0.0,0.0,11,93,-0.25881904510252157,0.9659258262890681,1.4050115904274034,15.83987990993245,-0.7689265399682725,0.639337138083203,18024.619990712115,0.911485256566379,2.489054472833114,0.911485256566379,16.196645992092932,21.04799071905793,20.95522741941626,18.869794174902186,6.790180071818168,3.8651392600786845,3.254481916520464,145014,111743,582.3855421686746,448.7670682730924,17.98656506163041,13348.091485943778,223,21.39103139013453,693
104,451256,0,-6.434263114071608,0,0,15455.1,1507.2,147,23,3,0,0,0.0,0.0,0.0,16,92,-0.25881904510252157,0.9659258262890681,1.2346155079409924,10.254179936305732,0.6786407006330366,-0.7344704210819529,12518.148282273696,1.2213847832171878,8.293811921216983,20.53245063784542,7.954932062988865,2.547649914535361,1.687432296639073,8.293811921216983,11.191925949262217,13.61626092023621,13.62491141014284,586397,523932,3989.095238095238,3564.1632653061224,15.75211187144532,41901.21959183674,45482,10.396244668220396,20
104,451256,1,-7.691298917568694,0,0,18474.5,1625.2,183,23,3,0,0,0.0,0.0,0.0,16,92,-0.25881904510252157,0.9659258262890681,1.4758173160610972,11.367523997046517,0.6786407006330366,-0.7344704210819529,12518.148282273696,1.2213847832171878,8.293811921216983,20.53245063784542,7.954932062988865,2.547649914535361,1.687432296639073,8.293811921216983,11.191925949262217,13.61626092023621,13.62491141014284,587767,526296,3211.841530054645,2875.934426229508,16.482719024853473,33794.79715846995,45482,10.396244668220396,20
105,453326,0,0.41257285595337123,1,1,18825.5,1456.2,190,19,1,0,2,0.010526315789473684,11.0,0.11578947368421053,21,77,-0.9659258262890684,0.2588190451025203,1.4548248326648063,12.927825848097788,-0.10686398466846476,-0.9942736488415944,12940.045823604265,0.09521464878656558,8.58259645920436,20.925528016063893,9.193050905440826,1.2994560926127234,0.8578154752849185,18.282772758644622,18.603545661363302,12.639999924916633,13.495851713901443,980053,1056552,5158.1736842105265,5560.8,13.134879054804726,58347.789947368394,79450,10.359371302706105,21
105,453326,1,-9.61810990840966,0,0,23102.7,1606.1,236,19,1,0,0,0.0,0.0,0.0,21,77,-0.9659258262890684,0.2588190451025203,1.7853646204140778,14.384347176390014,-0.10686398466846476,-0.9942736488415944,12940.045823604265,0.09521464878656558,8.58259645920436,20.925528016063893,9.193050905440826,1.2994560926127234,0.8578154752849185,18.282772758644622,18.603545661363302,12.639999924916633,13.495851713901443,836364,897666,3543.915254237288,3803.669491525424,14.32064673623496,38248.786525423726,79450,10.359371302706105,21
106,454182,0,-12.183846794338052,0,0,29265.6,1892.7,286,16,6,1,2,0.006993006993006993,10.5,0.07342657342657342,19,64,-0.8660254037844385,-0.5000000000000004,1.4703046878250672,15.462355365351085,-0.8972577574476706,0.4415070969984256,19904.445821560177,1.1246669318590754,2.205921731728242,1.1246669318590754,15.990349243104168,20.805412457885467,20.713499617308532,20.8907711567312,11.71732618119706,2.470870575011041,3.4347297988135375,666374,595025,2329.979020979021,2080.506993006993,18.642185741097084,27051.394230769227,1029,20.159086491739554,15660
106,454182,1,-5.64246461282265,1,1,23161.2,1966.4,234,16,6,1,2,0.008547008547008548,10.5,0.08974358974358974,19,64,-0.8660254037844385,-0.5000000000000004,1.1636194349561926,11.778478437754272,-0.8972577574476706,0.4415070969984256,19904.445821560177,1.1246669318590754,2.205921731728242,1.1246669318590754,15.990349243104168,20.805412457885467,20.713499617308532,20.8907711567312,11.71732618119706,2.470870575011041,3.4347297988135375,655009,578458,2799.1837606837607,2472.042735042735,15.366430662808758,32306.07448717949,1029,20.159086491739554,15660
107,460536,0,-8.01969192339717,0,0,19263.3,1386.6,192,11,0,0,1,0.005208333333333333,7.5,0.0390625,13,44,0.258819045102521,-0.9659258262890682,1.3886031053972245,13.892470791864994,0.5482035141383947,0.8363449689490066,13872.43044836021,0.37889156671755586,9.50094406462431,21.420369981891586,9.289619929198526,1.271893704271326,0.37889156671755586,26.248707083533017,9.50094406462431,15.062671709949306,13.9931943272581,1357518,1348686,7070.40625,7024.40625,11.994320325992355,76253.64921875,32106,10.322607923752571,40
107,460536,1,-8.639258950874273,0,0,20751.5,1557.0,197,11,0,0,3,0.015228426395939087,7.833333333333333,0.11928934010152284,13,44,0.258819045102521,-0.9659258262890682,1.4958806300919627,13.327874116891458,0.5482035141383947,0.8363449689490066,13872.43044836021,0.37889156671755586,9.50094406462431,21.420369981891586,9.289619929198526,1.271893704271326,0.37889156671755586,26.248707083533017,9.50094406462431,15.062671709949306,13.9931943272581,1157543,1196833,5875.852791878173,6075.294416243655,13.063248070032211,64004.756091370546,32106,10.322607923752571,40
108,463777,0,-12.076311407160702,0,0,29007.3,1897.8,281,17,3,0,6,0.021352313167259787,7.0,0.1494661921708185,30,71,-0.9659258262890683,-0.25881904510252063,1.4231669174876578,15.284698071451153,-0.8638806397693223,0.5036965755608692,20382.219150517572,1.1702271174433054,1.3379774829750393,1.1702271174433054,16.09478729986496,20.675024442394793,20.605913796761058,21.551337048855345,11.314955879857784,1.3379774829750393,2.3752921388303494,1211970,1070834,4313.0604982206405,3810.797153024911,19.891796541324148,45439.831743772236,2018,20.14430128840436,22436
108,463777,1,-12.933555370524566,0,0,31066.4,2093.7,300,17,3,0,1,0.0033333333333333335,5.0,0.016666666666666666,30,71,-0.9659258262890683,-0.25881904510252063,1.5241912458394464,14.838037923293692,-0.8638806397693223,0.5036965755608692,20382.219150517572,1.1702271174433054,1.3379774829750393,1.1702271174433054,16.09478729986496,20.675024442394793,20.605913796761058,21.551337048855345,11.314955879857784,1.3379774829750393,2.3752921388303494,1003463,860321,3344.8766666666666,2867.7366666666667,19.14171427553888,37223.2491,2018,20.14430128840436,22436
109,464385,0,-4.617735220649458,0,0,11091.8,1050.5,111,17,4,0,1,0.009009009009009009,5.5,0.04954954954954955,3,68,-0.9659258262890683,-0.25881904510252063,1.6841714163361843,10.558591147072821,0.9997901286595147,-0.020486547659162274,6585.9091850220075,2.590137389081055,1.0553611369091114,21.544385983566244,7.562438499412514,3.658092389972767,2.590137389081055,17.24115529831815,1.0553611369091114,9.435881338129375,8.585496433415084,771846,737498,6953.5675675675675,6644.126126126126,13.089420630635574,72989.46612612616,36493,10.294634587455128,1576
109,464385,1,-5.394837635303913,0,0,12958.4,1162.5,126,17,4,0,0,0.0,0.0,0.0,3,68,-0.9659258262890683,-0.25881904510252063,1.9675946989172912,11.147010752688171,0.9997901286595147,-0.020486547659162274,6585.9091850220075,2.590137389081055,1.0553611369091114,21.544385983566244,7.562438499412514,3.658092389972767,2.590137389081055,17.24115529831815,1.0553611369091114,9.435881338129375,8.585496433415084,526461,570836,4178.261904761905,4530.444444444444,14.912425378177254,45144.78484126985,36493,10.294634587455128,1576
110,476223,0,-12.688426311407163,0,0,30477.6,1988.5,302,9,6,1,0,0.0,0.0,0.0,26,37,0.7071067811865476,-0.7071067811865475,1.534254532659481,15.326929846618054,0.9325222936640313,-0.36111240884186496,19864.761257814273,0.3329343346909935,1.1916987768970464,21.039223264932268,13.545116707132383,4.536728498838506,5.548856940362428,1.1916987768970464,16.09235854983946,20.654532918266895,20.58703932647264,214613,274822,710.6390728476821,910.0066225165563,17.819140831596524,9819.929768211923,21058,13.222901035236013,170
110,476223,1,-10.619400499583682,0,0,25507.8,2098.2,254,9,6,1,0,0.0,0.0,0.0,26,37,0.7071067811865476,-0.7071067811865475,1.2840728196502187,12.156991707177582,0.9325222936640313,-0.36111240884186496,19864.761257814273,0.3329343346909935,1.1916987768970464,21.039223264932268,13.545116707132383,4.536728498838506,5.548856940362428,1.1916987768970464,16.09235854983946,20.654532918266895,20.58703932647264,207616,247266,817.3858267716536,973.488188976378,15.30919705062617,11268.48295275591,21058,13.222901035236013,170
111,477037,0,-9.51269775187344,0,0,22849.5,1381.6,230,8,3,0,0,0.0,0.0,0.0,2,35,0.8660254037844387,-0.4999999999999998,1.5562668223444747,16.538433700057904,-0.8708712173589757,0.49151126413918106,14682.250930195783,1.1946679652015044,5.427676748410959,1.1946679652015044,16.068463552594363,20.65043861133518,20.580839362089954,15.874393529894112,9.194648475128863,6.1175048558178595,6.310346509301443,14591,29109,63.43913043478261,126.56086956521739,20.276705969587,1057.113347826087,2018,20.14430128840436,1701
111,477037,1,-8.242631140716071,0,0,19798.8,1417.0,196,8,3,0,0,0.0,0.0,0.0,2,35,0.8660254037844387,-0.4999999999999998,1.3484853306301576,13.972335920959774,-0.8708712173589757,0.49151126413918106,14682.250930195783,1.1946679652015044,5.427676748410959,1.1946679652015044,16.068463552594363,20.65043861133518,20.580839362089954,15.874393529894112,9.194648475128863,6.1175048558178595,6.310346509301443,17860,42551,91.12244897959184,217.0969387755102,16.220800289512216,1319.5824489795916,2018,20.14430128840436,1701
112,479301,0,16.535220649458783,1,2,17930.4,1459.1,174,16,3,0,5,0.028735632183908046,23.1,0.6637931034482759,16,67,-0.8660254037844385,-0.5000000000000004,1.4167333836134446,12.28867109862244,0.9701384985182238,0.2425516309836038,12656.156908131634,1.5974280957523053,1.4047874444679544,22.285340204781804,11.939915289252674,1.5974280957523053,2.6621201061189446,15.787812182860426,1.4047874444679544,11.274798234038377,10.48770136395007,1645863,1461953,9458.98275862069,8402.028735632184,15.365136504443653,110392.7013793103,17408,11.918798828125,8892
112,479301,1,-2.9635303913405506,1,1,16726.4,1579.1,163,16,3,0,4,0.024539877300613498,13.875,0.34049079754601225,16,67,-0.8660254037844385,-0.5000000000000004,1.3216018196845536,10.592362738268635,0.9701384985182238,0.2425516309836038,12656.156908131634,1.5974280957523053,1.4047874444679544,22.285340204781804,11.939915289252674,1.5974280957523053,2.6621201061189446,15.787812182860426,1.4047874444679544,11.274798234038377,10.48770136395007,2005377,1877118,12302.926380368099,11516.061349693251,13.53966880064653,140869.29625766867,17408,11.918798828125,8892
113,481832,0,-1.7976686094920904,2,2,17529.0,1546.4,166,23,5,1,3,0.018072289156626505,5.5,0.09939759036144578,11,93,-0.25881904510252157,0.9659258262890681,1.3658116445211212,11.335359544749094,0.11228716589107948,0.9936757984252959,12834.126923955162,5.743661329080232,6.016411601494765,15.780631532127405,12.394831579026013,7.978934629754526,8.533706024281488,22.19402228910584,6.022247463384375,7.088303275232922,6.016411601494765,948539,1091718,5714.090361445783,6576.614457831325,11.952517988117123,64729.06524096384,295,11.791186440677967,5330
113,481832,1,-8.34796003330558,0,0,20051.8,1561.3,198,23,5,1,0,0.0,0.0,0.0,11,93,-0.25881904510252157,0.9659258262890681,1.5623813071828752,12.843015435854737,0.11228716589107948,0.9936757984252959,12834.126923955162,5.743661329080232,6.016411601494765,15.780631532127405,12.394831579026013,7.978934629754526,8.533706024281488,22.19402228910584,6.022247463384375,7.088303275232922,6.016411601494765,71418,153221,360.6969696969697,773.8434343434343,14.575203248791356,4455.220151515151,295,11.791186440677967,5330
114,482377,0,-11.427477102414654,0,0,27448.8,1680.7,267,17,4,0,2,0.00749063670411985,5.75,0.04307116104868914,10,70,-0.9659258262890683,-0.25881904510252063,1.3884973951363357,16.331766525852323,-0.7874128680625271,0.6164259689610304,19768.708314576867,1.1872308634109707,0.4609928709394875,1.1872308634109707,16.086960690379232,20.65834203205322,20.589941125730864,20.95006630879452,8.790061822550646,1.7064771620792032,0.9166904425028064,799863,792570,2995.741573033708,2968.4269662921347,20.479908563807335,32136.28921348315,2018,20.14430128840436,65869
114,482377,1,-12.317527060782682,0,0,29586.7,1846.5,288,17,4,0,1,0.003472222222222222,5.5,0.019097222222222224,10,70,-0.9659258262890683,-0.25881904510252063,1.4966430547302696,16.0231248307609,-0.7874128680625271,0.6164259689610304,19768.708314576867,1.1872308634109707,0.4609928709394875,1.1872308634109707,16.086960690379232,20.65834203205322,20.589941125730864,20.95006630879452,8.790061822550646,1.7064771620792032,0.9166904425028064,985746,874728,3422.7291666666665,3037.25,17.894875672445863,42218.88090277778,2018,20.14430128840436,65869
115,483101,0,-11.140591174021651,0,0,26759.7,1600.4,265,11,0,0,0,0.0,0.0,0.0,13,45,0.258819045102521,-0.9659258262890682,1.6756969307002503,16.72063234191452,-0.8983143118761634,0.4393533851906174,15969.295825359957,0.49311219600668715,5.170377946507858,0.49311219600668715,16.638175498925758,21.360565063912997,21.284929567789604,16.43798017061563,10.1712311356617,5.911810996174042,6.279634222707847,51130,70658,192.9433962264151,266.63396226415097,20.653639135444983,3137.9122641509434,5953,21.367554174365868,924
115,483101,1,-8.307077435470442,0,0,19953.6,1648.4,198,11,0,0,0,0.0,0.0,0.0,13,45,0.258819045102521,-0.9659258262890682,1.249497799916311,12.104828925018198,-0.8983143118761634,0.4393533851906174,15969.295825359957,0.49311219600668715,5.170377946507858,0.49311219600668715,16.638175498925758,21.360565063912997,21.284929567789604,16.43798017061563,10.1712311356617,5.911810996174042,6.279634222707847,31412,43222,158.64646464646464,218.2929292929293,17.298958749806765,2761.4127777777776,5953,21.367554174365868,924
116,485506,0,-9.0248126561199,0,0,21677.6,1864.6,214,5,0,0,0,0.0,0.0,0.0,6,21,0.9659258262890683,0.25881904510252074,1.2270517684736033,11.62587150058994,-0.9627606142576938,0.27035532107607607,17666.41029902589,1.180582120167195,3.1501956608227255,1.180582120167195,16.102891180385946,20.66573897319584,20.59831614284799,18.806364579372346,13.8839527030087,6.774788188972007,7.625667804719536,42927,67072,200.59345794392524,313.42056074766356,15.979436567882766,2873.052710280373,2018,20.14430128840436,2731
116,485506,1,-12.743172356369694,0,0,30609.1,1920.9,301,5,0,0,0,0.0,0.0,0.0,6,21,0.9659258262890683,0.25881904510252074,1.7326157086755625,15.934770159820916,-0.9627606142576938,0.27035532107607607,17666.41029902589,1.180582120167195,3.1501956608227255,1.180582120167195,16.102891180385946,20.66573897319584,20.59831614284799,18.806364579372346,13.8839527030087,6.774788188972007,7.625667804719536,74059,126572,246.04318936877075,420.5049833887043,18.508878796351336,3534.705714285714,2018,20.14430128840436,2731
117,487194,0,4.397418817651955,1,1,16459.9,1396.9,163,23,6,1,2,0.012269938650306749,14.5,0.17791411042944785,12,94,-0.25881904510252157,0.9659258262890681,1.1753285196065597,11.783162717445773,0.32467167906252475,0.9458267816121094,14004.509994796977,1.6793809937285091,10.17948555505863,20.86324438778526,10.968028095344154,1.6793809937285091,2.5712406111021,27.273958644332314,10.17948555505863,12.473726034222548,11.45266638276782,1195895,1160246,7336.7791411042945,7118.073619631902,11.98246090325757,80052.0354601227,42312,10.496944129325014,1867
117,487194,1,-7.362905911740218,0,0,17685.7,1421.3,180,23,6,1,0,0.0,0.0,0.0,12,94,-0.25881904510252157,0.9659258262890681,1.2628574656714642,12.443326532048125,0.32467167906252475,0.9458267816121094,14004.509994796977,1.6793809937285091,10.17948555505863,20.86324438778526,10.968028095344154,1.6793809937285091,2.5712406111021,27.273958644332314,10.17948555505863,12.473726034222548,11.45266638276782,1225950,1229833,6810.833333333333,6832.405555555555,13.102400741946408,74176.33699999998,42312,10.496944129325014,1867
118,487573,0,6.97527060782681,1,1,16272.9,1265.5,158,7,4,0,1,0.006329113924050633,27.5,0.17405063291139242,3,31,0.9659258262890683,-0.25881904510252063,1.4145748328818075,12.858870011853023,0.9738800104248574,0.22706326275925776,11503.739230853158,0.5973173214395913,1.357022279629941,21.642959664177546,10.790196850833611,0.5973173214395913,1.6309556317812206,15.835082887090556,1.357022279629941,11.251764242070482,10.461877523002052,1365420,1210602,8641.898734177215,7662.037974683544,15.800981129436352,101690.64582278476,44006,9.94605394718902,8892
118,487573,1,-6.231182348043298,0,0,14967.3,1378.1,152,7,4,0,0,0.0,0.0,0.0,3,31,0.9659258262890683,-0.25881904510252063,1.3010813005789919,10.860822872070242,0.9738800104248574,0.22706326275925776,11503.739230853158,0.5973173214395913,1.357022279629941,21.642959664177546,10.790196850833611,0.5973173214395913,1.6309556317812206,15.835082887090556,1.357022279629941,11.251764242070482,10.461877523002052,2485158,2215241,16349.723684210527,14573.953947368422,13.627502569448161,182606.51328947366,44006,9.94605394718902,8892
119,497451,0,-4.970358034970858,0,0,11938.8,1006.1,120,8,0,0,0,0.0,0.0,0.0,20,33,0.8660254037844387,-0.4999999999999998,1.2232133483320573,11.866414869297286,0.9995629926775671,0.0295605086131136,9760.194340815071,0.9504911967364286,1.4446206106396056,21.756596201087575,8.898934387270188,2.0226712070381225,0.9504911967364286,15.706896004540178,1.4446206106396056,11.181583216125627,10.4023377436694,1004244,884418,8368.7,7370.15,14.05013935166304,100986.49266666666,38302,10.217875045689519,365
119,497451,1,-5.501915070774356,0,0,13215.6,1040.7,132,8,0,0,0,0.0,0.0,0.0,20,33,0.8660254037844387,-0.4999999999999998,1.3540304156378478,12.69876044969732,0.9995629926775671,0.0295605086131136,9760.194340815071,0.9504911967364286,1.4446206106396056,21.756596201087575,8.898934387270188,2.0226712070381225,0.9504911967364286,15.706896004540178,1.4446206106396056,11.181583216125627,10.4023377436694,1007876,873591,7635.424242424242,6618.113636363636,14.135754646404129,92325.09265151512,38302,10.217875045689519,365
120,497818,0,-5.719150707743547,0,0,13737.4,1229.6,134,18,2,0,4,0.029850746268656716,9.0,0.26865671641791045,29,73,-1.0,-1.8369701987210297e-16,1.3911854720865928,11.172251138581654,0.9925553236853207,0.12179461984803827,9874.59995495477,0.40414873593152073,1.0662063481485424,21.586967967638074,9.228789331857632,1.447426755042642,0.40414873593152073,16.100437888037884,1.0662063481485424,11.062831768435418,10.25856385896658,1497550,1354600,11175.746268656716,10108.955223880597,14.189944430047735,129792.6654477612,53275,10.618284748944157,7341
120,497818,1,-6.2507493755203996,0,0,15014.3,1264.2,146,18,2,0,4,0.0273972602739726,9.0,0.2465753424657534,29,73,-1.0,-1.8369701987210297e-16,1.520497039727294,11.876522702104097,0.9925553236853207,0.12179461984803827,9874.59995495477,0.40414873593152073,1.0662063481485424,21.586967967638074,9.228789331857632,1.447426755042642,0.40414873593152073,16.100437888037884,1.0662063481485424,11.062831768435418,10.25856385896658,1501182,1343773,10282.068493150686,9203.924657534246,14.256556460979048,119594.17999999998,53275,10.618284748944157,7341
121,499995,0,-13.078226477935056,0,0,31413.9,2306.2,298,18,1,0,0,0.0,0.0,0.0,28,72,-1.0,-1.8369701987210297e-16,1.4821096849738098,13.62149856907467,-0.902935455585639,0.42977617784883626,21195.39486077585,0.4959262874893938,1.5699981814674533,0.4959262874893938,16.622969577462428,21.36925512262198,21.29122835757925,21.64737072122943,12.68081379098983,2.9788404629364513,4.030912970729821,582344,544522,1954.1744966442952,1827.255033557047,18.674873953082674,23685.239026845637,5953,21.367554174365868,11540
121,499995,1,-12.866194837635305,0,0,30904.6,2445.0,299,18,1,0,0,0.0,0.0,0.0,28,72,-1.0,-1.8369701987210297e-16,1.4580808804459682,12.639918200408998,-0.902935455585639,0.42977617784883626,21195.39486077585,0.4959262874893938,1.5699981814674533,0.4959262874893938,16.622969577462428,21.36925512262198,21.29122835757925,21.64737072122943,12.68081379098983,2.9788404629364513,4.030912970729821,361006,363802,1207.3779264214047,1216.7290969899666,15.559302573838167,16522.006287625416,5953,21.367554174365868,11540
122,503657,0,-8.939425478767694,0,0,21472.5,1827.7,212,17,6,1,0,0.0,0.0,0.0,26,70,-0.9659258262890683,-0.25881904510252063,1.1833967319173075,11.748372271160475,-0.9643968863659598,0.2644591567097688,18144.80251708219,0.9403617023340138,3.002631648135879,0.9403617023340138,16.16790598473084,21.011175257999238,20.918814614542868,18.816368243385753,13.681645171436909,6.5469320310594,7.392757208682544,39309,78322,185.41981132075472,369.4433962264151,15.84129357181528,2564.8838679245277,1029,20.159086491739554,3477
122,503657,1,-12.43713572023314,0,0,29874.0,1853.8,292,17,6,1,0,0.0,0.0,0.0,26,70,-0.9659258262890683,-0.25881904510252063,1.646421887032141,16.115007012622723,-0.9643968863659598,0.2644591567097688,18144.80251708219,0.9403617023340138,3.002631648135879,0.9403617023340138,16.16790598473084,21.011175257999238,20.918814614542868,18.816368243385753,13.681645171436909,6.5469320310594,7.392757208682544,64773,120010,221.82534246575344,410.9931506849315,18.567454493535465,3095.27198630137,1029,20.159086491739554,3477
123,506249,0,-12.451706910907578,0,0,29909.0,1930.5,290,19,5,1,2,0.006896551724137931,5.75,0.039655172413793106,11,77,-0.9659258262890684,0.2588190451025203,1.3630772085076188,15.492877492877493,-0.7639806595613079,0.6452391431215785,21942.264028276302,0.8441268727702477,1.1924533352073554,0.8441268727702477,16.70678774278792,21.136896932549437,21.089011547698686,22.607057389199454,9.573067714465884,2.087648147020399,1.1924533352073554,1212787,1071375,4182.024137931035,3694.396551724138,19.560448399592616,44546.24224137932,920,20.181521739130435,20354
123,506249,1,-13.33788509575354,0,0,32037.6,2043.1,309,19,5,1,2,0.006472491909385114,5.75,0.0372168284789644,11,77,-0.9659258262890684,0.2588190451025203,1.460086341077391,15.680877098526748,-0.7639806595613079,0.6452391431215785,21942.264028276302,0.8441268727702477,1.1924533352073554,0.8441268727702477,16.70678774278792,21.136896932549437,21.089011547698686,22.607057389199454,9.573067714465884,2.087648147020399,1.1924533352073554,1336023,1140672,4323.699029126214,3691.4951456310678,17.718614777892245,51488.258802589,920,20.181521739130435,20354
124,514953,0,-8.477185678601167,0,0,20362.2,1844.6,206,18,4,0,0,0.0,0.0,0.0,3,72,-1.0,-1.8369701987210297e-16,1.3419191033925788,11.038816003469588,0.10052362401802258,-0.9949346717319099,15173.940030007185,1.3117089233942938,11.007189407246852,20.880241691216188,8.065737424349944,2.521806760970664,1.561686951791743,14.574669052118137,17.919286984471043,14.29509360385559,14.951536798589192,576004,581988,2796.135922330097,2825.1844660194174,13.699632259177942,29672.638980582524,55246,10.500204539695183,19
124,514953,1,-9.149500416319734,0,0,21977.1,1954.3,225,18,4,0,0,0.0,0.0,0.0,3,72,-1.0,-1.8369701987210297e-16,1.448344988614641,11.24550990124341,0.10052362401802258,-0.9949346717319099,15173.940030007185,1.3117089233942938,11.007189407246852,20.880241691216188,8.065737424349944,2.521806760970664,1.561686951791743,14.574669052118137,17.919286984471043,14.29509360385559,14.951536798589192,535853,492224,2381.568888888889,2187.662222222222,14.615531485876511,24976.33946666667,55246,10.500204539695183,19
125,519394,0,-1.8149042464612837,2,2,22974.9,1768.0,225,1,3,0,2,0.008888888888888889,7.75,0.06888888888888889,23,5,0.25881904510252074,0.9659258262890683,1.1489887162422092,12.994852941176472,0.36824885855238626,0.9297272601009743,19995.757726098367,2.1825580819138897,13.697562867919604,20.37794801992579,10.915165682937712,2.1825580819138897,2.990744321596001,30.403147663192495,13.697562867919604,18.188332634102615,17.14832600377494,1039317,1063112,4619.1866666666665,4724.942222222222,13.209795601638142,50743.73204444443,41978,10.614686264233645,5
125,519394,1,-9.439300582847629,0,0,22673.2,1772.6,229,1,3,0,2,0.008733624454148471,13.25,0.11572052401746726,23,5,0.25881904510252074,0.9659258262890683,1.1339005158282673,12.790928579487758,0.36824885855238626,0.9297272601009743,19995.757726098367,2.1825580819138897,13.697562867919604,20.37794801992579,10.915165682937712,2.1825580819138897,2.990744321596001,30.403147663192495,13.697562867919604,18.188332634102615,17.14832600377494,2543204,2342325,11105.694323144106,10228.49344978166,11.952060674119242,118128.02921397382,41978,10.614686264233645,5
126,523308,0,-7.756702747710242,0,0,18631.6,1623.1,178,15,3,0,0,0.0,0.0,0.0,16,62,-0.7071067811865471,-0.7071067811865479,1.2943933146645819,11.479021625284949,0.8316868982801923,0.5552449038298984,14394.079287119954,1.1597222559928602,0.39606436935873807,20.964779379228627,14.375546258874836,5.617145849949872,6.625659386628991,16.7168973165232,0.39606436935873807,10.631306289850139,9.793354794865893,408221,416202,2293.376404494382,2338.2134831460676,15.249968238863127,38570.21207865169,8372,16.286807214524604,27700
126,523308,1,-10.305120732722733,0,0,24752.9,1763.5,248,15,3,0,1,0.004032258064516129,13.0,0.05241935483870968,16,62,-0.7071067811865471,-0.7071067811865479,1.7196584447154797,14.036234760419621,0.8316868982801923,0.5552449038298984,14394.079287119954,1.1597222559928602,0.39606436935873807,20.964779379228627,14.375546258874836,5.617145849949872,6.625659386628991,16.7168973165232,0.39606436935873807,10.631306289850139,9.793354794865893,641725,663966,2587.6008064516127,2677.282258064516,18.392284512714237,36475.45104838709,8372,16.286807214524604,27700
127,529020,0,-9.372522897585347,0,0,22512.8,1502.7,222,0,2,0,0,0.0,0.0,0.0,29,1,0.0,1.0,1.3960297719272365,14.981566513608836,-0.9522686475449377,-0.3052612371444092,16126.3036453161,0.5148862984424004,13.217268804833672,21.6653396446469,9.93643529930493,0.5909438933199104,0.5148862984424004,33.91711497940227,26.055761784097857,15.572598788714913,16.47206862258869,624170,620348,2811.5765765765764,2794.3603603603606,27.33147418672444,29859.69,32142,10.384344471408125,0
127,529020,1,-9.378684429641964,0,0,22527.6,1575.4,228,0,2,0,0,0.0,0.0,0.0,29,1,0.0,1.0,1.3969475271875562,14.299606449155768,-0.9522686475449377,-0.3052612371444092,16126.3036453161,0.5148862984424004,13.217268804833672,21.6653396446469,9.93643529930493,0.5909438933199104,0.5148862984424004,33.91711497940227,26.055761784097857,15.572598788714913,16.47206862258869,1515060,1293549,6645.0,5673.460526315789,22.094922584038567,71583.2135087719,32142,10.384344471408125,0
128,530972,0,-12.39816819317236,0,0,29780.4,1858.4,288,21,1,0,0,0.0,0.0,0.0,28,87,-0.7071067811865477,0.7071067811865474,1.4425332600337826,16.024752475247524,-0.6783135314561888,0.7347725859362433,20644.515329443828,0.6856152800958215,4.178983193587638,0.6856152800958215,16.422776345209005,21.251762546337517,21.163738899577588,21.30385290064461,6.273270663142935,5.272802732060951,4.212402667463309,270116,242209,937.9027777777778,841.0034722222222,19.21450847300753,16894.327777777784,223,21.39103139013453,14760
128,530972,1,-8.999000832639469,1,1,30623.1,1983.2,302,21,1,0,1,0.0033112582781456954,7.5,0.024834437086092714,28,87,-0.7071067811865477,0.7071067811865474,1.4833528184759277,15.441256555062525,-0.6783135314561888,0.7347725859362433,20644.515329443828,0.6856152800958215,4.178983193587638,0.6856152800958215,16.422776345209005,21.251762546337517,21.163738899577588,21.30385290064461,6.273270663142935,5.272802732060951,4.212402667463309,707392,690920,2342.3576158940396,2287.8145695364237,19.293906944438724,26588.319370860932,223,21.39103139013453,14760
129,533507,0,-7.766902581182348,0,0,18656.1,1429.2,179,2,5,1,0,0.0,0.0,0.0,11,10,0.49999999999999994,0.8660254037844387,1.284505970679606,13.05352644836272,0.2566246018786664,-0.9665111555024163,14523.949616310023,1.8386845322490273,14.114694162374455,20.319715718535004,11.904442428415964,3.2496690753598196,4.15576419526194,15.442868588492109,21.228768560797917,17.66073085131425,18.35765036723219,266211,263889,1487.2122905027934,1474.2402234636872,13.257069936955581,18045.88491620112,26517,11.841207527246672,7
129,533507,1,-6.260324729392174,0,0,15037.3,1474.7,157,2,5,1,0,0.0,0.0,0.0,11,10,0.49999999999999994,0.8660254037844387,1.0353450953254133,10.196853597341832,0.2566246018786664,-0.9665111555024163,14523.949616310023,1.8386845322490273,14.114694162374455,20.319715718535004,11.904442428415964,3.2496690753598196,4.15576419526194,15.442868588492109,21.228768560797917,17.66073085131425,18.35765036723219,276360,271649,1760.2547770700637,1730.248407643312,13.196604208760574,21201.02802547771,26517,11.841207527246672,7
130,538565,0,-11.96390507910075,0,0,28737.3,1948.7,282,5,1,0,0,0.0,0.0,0.0,14,22,0.9659258262890683,0.25881904510252074,1.3977498756560842,14.74690819520706,-0.719441776190874,0.6945527558589918,20559.68703736147,0.606730911028628,3.1813935375169424,0.606730911028628,16.58212053295606,21.52409228106073,21.427382802895075,20.976407330342493,6.706329700414043,4.328661595891425,3.2872999947013777,1045976,984621,3709.1347517730496,3491.563829787234,18.616337239435612,39416.49078014185,192,22.627604166666668,24281
130,538565,1,-12.85012489592007,0,0,30866.0,2061.3,301,5,1,0,0,0.0,0.0,0.0,14,22,0.9659258262890683,0.25881904510252074,1.5012874439143793,14.974045505263668,-0.719441776190874,0.6945527558589918,20559.68703736147,0.606730911028628,3.1813935375169424,0.606730911028628,16.58212053295606,21.52409228106073,21.427382802895075,20.976407330342493,6.706329700414043,4.328661595891425,3.2872999947013777,1169212,1053918,3884.425249169435,3501.388704318937,16.837322655529558,46866.8176744186,192,22.627604166666668,24281
131,539045,0,-13.078226477935056,0,0,31413.9,2306.2,298,18,6,1,0,0.0,0.0,0.0,5,73,-1.0,-1.8369701987210297e-16,1.4817030034358771,13.62149856907467,-0.9028390058929063,0.42997875463598034,21201.212339554717,0.4935163596674181,1.5714125939700694,0.4935163596674181,16.626120673584186,21.37052065248586,21.29270520500395,21.652530458985503,12.68372001527587,2.978527917102648,4.030907494615827,582344,544522,1954.1744966442952,1827.255033557047,18.674873953082674,23685.239026845637,5953,21.367554174365868,11540
131,539045,1,-12.866194837635305,0,0,30904.6,2445.0,299,18,6,1,0,0.0,0.0,0.0,5,73,-1.0,-1.8369701987210297e-16,1.4576807922602542,12.639918200408998,-0.9028390058929063,0.42997875463598034,21201.212339554717,0.4935163596674181,1.5714125939700694,0.4935163596674181,16.626120673584186,21.37052065248586,21.29270520500395,21.652530458985503,12.68372001527587,2.978527917102648,4.030907494615827,361006,363802,1207.3779264214047,1216.7290969899666,15.559302573838167,16522.006287625416,5953,21.367554174365868,11540
132,542256,0,-10.635595337218986,0,0,25546.7,1596.7,251,20,3,0,0,0.0,0.0,0.0,16,81,-0.8660254037844386,0.5000000000000001,1.2706752170462368,15.999686854136657,0.7453000360929424,-0.6667292225482986,20104.82274092422,1.5433691901677982,1.0856963132821056,21.088824424010706,8.03476364112106,2.6641176553799384,1.649121740021568,1.0856963132821056,16.366012486062147,20.81242515880367,20.75890088716596,604882,549033,2409.8884462151395,2187.3824701195217,19.730187659722713,25405.339641434268,58814,9.833845683000646,170
132,542256,1,0.869150707743545,2,2,27336.8,1714.8,273,20,3,0,3,0.01098901098901099,11.833333333333334,0.13003663003663005,16,81,-0.8660254037844386,0.5000000000000001,1.3597135549150992,15.941684161418241,0.7453000360929424,-0.6667292225482986,20104.82274092422,1.5433691901677982,1.0856963132821056,21.088824424010706,8.03476364112106,2.6641176553799384,1.649121740021568,1.0856963132821056,16.366012486062147,20.81242515880367,20.75890088716596,724792,632150,2654.915750915751,2315.5677655677655,18.097286799894174,33920.517069597074,58814,9.833845683000646,170
133,544274,0,-4.404621149042466,1,1,18386.4,1534.9,185,20,0,0,4,0.021621621621621623,11.125,0.24054054054054055,27,81,-0.8660254037844386,0.5000000000000001,1.2792016648042919,11.978891132972832,-0.8850546790401806,-0.46548707297741665,14373.33964290375,1.1672782879713635,0.34177820108711227,16.02159733200219,1.1672782879713635,11.157906915806143,10.357104418758627,21.336843729119984,13.993762035236905,4.865087265500841,5.895862995380625,848027,766631,4583.92972972973,4143.951351351351,15.12121514404148,64977.9563243243,29119,26.50612761427247,17866
133,544274,1,-9.169025811823483,0,0,22024.0,1586.4,216,20,0,0,1,0.004629629629629629,16.5,0.0763888888888889,27,81,-0.8660254037844386,0.5000000000000001,1.5322813310734957,13.88300554715078,-0.8850546790401806,-0.46548707297741665,14373.33964290375,1.1672782879713635,0.34177820108711227,16.02159733200219,1.1672782879713635,11.157906915806143,10.357104418758627,21.336843729119984,13.993762035236905,4.865087265500841,5.895862995380625,756344,782842,3501.5925925925926,3624.2685185185187,15.319822115604673,48686.27657407404,29119,26.50612761427247,17866
134,545658,0,-11.97464612822648,0,0,28763.1,1956.5,281,15,5,1,2,0.0071174377224199285,13.25,0.09430604982206406,11,63,-0.7071067811865471,-0.7071067811865479,1.2853847578939455,14.701303347814974,0.7035314009200226,-0.7106641737976599,22377.035221054943,3.3513674239960354,1.2137602816574473,23.451968602681234,8.87512039978273,4.322352291245513,3.3513674239960354,1.2137602816574473,16.269362782305173,20.68610273637632,20.634076125504546,1368397,1248922,4869.740213523131,4444.562277580071,18.517593847925014,51019.326868327415,26833,10.644005515596467,31
134,545658,1,-9.639342214820983,1,1,31560.7,2043.9,309,15,5,1,2,0.006472491909385114,6.0,0.038834951456310676,11,63,-0.7071067811865471,-0.7071067811865479,1.4104057882656407,15.441411027936788,0.7035314009200226,-0.7106641737976599,22377.035221054943,3.3513674239960354,1.2137602816574473,23.451968602681234,8.87512039978273,4.322352291245513,3.3513674239960354,1.2137602816574473,16.269362782305173,20.68610273637632,20.634076125504546,546913,561028,1769.9449838187702,1815.6245954692556,18.03633521961598,24714.27291262136,26833,10.644005515596467,31
135,549043,0,-12.361032472939218,0,0,29691.2,1928.0,286,17,3,0,0,0.0,0.0,0.0,9,71,-0.9659258262890683,-0.25881904510252063,1.5312649346278748,15.4,-0.9104884183315006,0.4135345693943886,19389.982313684668,1.1734364595272513,1.3540322650467778,1.1734364595272513,16.106565715526113,20.672678449005872,20.605003902293852,20.555086022642257,12.389715682762109,3.567873650206045,4.521781392192977,361051,359353,1262.4160839160838,1256.479020979021,18.924794394602067,15494.563006993003,2018,20.14430128840436,19665
135,549043,1,-9.819650291423814,0,0,23586.8,2001.7,234,17,3,0,0,0.0,0.0,0.0,9,71,-0.9659258262890683,-0.25881904510252063,1.2164425742334684,11.78338412349503,-0.9104884183315006,0.4135345693943886,19389.982313684668,1.1734364595272513,1.3540322650467778,1.1734364595272513,16.106565715526113,20.672678449005872,20.605003902293852,20.555086022642257,12.389715682762109,3.567873650206045,4.521781392192977,349686,342786,1494.3846153846155,1464.8974358974358,15.69833415196126,18181.058547008557,2018,20.14430128840436,19665
136,551736,0,-8.133930058284765,0,0,19537.7,1411.7,199,11,5,1,0,0.0,0.0,0.0,11,44,0.258819045102521,-0.9659258262890682,1.4901182363207068,13.839838492597577,-0.1801498869696982,0.9836391707454543,13111.50989483968,1.0442018274936513,12.901177096674939,17.212329016657378,1.0442018274936513,9.450790714835398,8.602229741381791,29.809902529856572,12.901177096674939,16.81342686512298,15.781942791869927,20238,48414,101.69849246231156,243.28643216080403,14.765119504543646,1597.2053266331666,3599,25.766907474298417,73
136,551736,1,-7.9671940049958385,0,0,19137.2,1473.5,195,11,5,1,0,0.0,0.0,0.0,11,44,0.258819045102521,-0.9659258262890682,1.4595725552197356,12.987580590430948,-0.1801498869696982,0.9836391707454543,13111.50989483968,1.0442018274936513,12.901177096674939,17.212329016657378,1.0442018274936513,9.450790714835398,8.602229741381791,29.809902529856572,12.901177096674939,16.81342686512298,15.781942791869927,30474,76245,156.27692307692308,391.0,15.364761472955301,2253.796102564104,3599,25.766907474298417,73
137,551861,0,-1.2628226477935058,2,2,18045.8,1523.6,185,20,1,0,6,0.032432432432432434,6.916666666666667,0.22432432432432434,7,83,-0.8660254037844386,0.5000000000000001,1.0657624323636223,11.844184825413494,0.3779956146187038,0.9258073856526682,16932.291336239407,0.35435658285029487,9.710156469165913,21.061073172863637,13.694951507872693,4.704019363495507,5.718014533615079,26.807093537650566,9.710156469165913,12.24630522029179,11.21450465417269,1104017,1158121,5967.65945945946,6260.113513513514,12.190927515496615,69854.968,13445,14.794042394942357,1053
137,551861,1,-8.667610324729393,0,0,20819.6,1630.8,214,20,1,0,2,0.009345794392523364,15.0,0.14018691588785046,7,83,-0.8660254037844386,0.5000000000000001,1.2295795995100063,12.766494971792984,0.3779956146187038,0.9258073856526682,16932.291336239407,0.35435658285029487,9.710156469165913,21.061073172863637,13.694951507872693,4.704019363495507,5.718014533615079,26.807093537650566,9.710156469165913,12.24630522029179,11.21450465417269,931753,1073626,4353.985981308411,5016.943925233645,13.310823920001749,51214.75060747661,13445,14.794042394942357,1053
138,555951,0,-11.761906744379685,0,0,28252.1,1864.8,273,17,2,0,0,0.0,0.0,0.0,15,71,-0.9659258262890683,-0.25881904510252063,1.446089657791584,15.150203775203774,0.8871944182095806,-0.46139577837011464,19536.893751903037,2.5042301878789672,0.5187373604308582,20.052593335864184,11.241218560050894,2.848261810931201,3.6622011931367076,0.5187373604308582,16.65158557644926,21.32631808698727,21.255250820107285,483537,438344,1771.1978021978023,1605.6556776556777,19.173339921738012,21294.08699633699,21247,11.27601920271097,229
138,555951,1,-9.58313905079101,0,0,23018.7,2067.6,223,17,2,0,0,0.0,0.0,0.0,15,71,-0.9659258262890683,-0.25881904510252063,1.1782169823059927,11.133052814857807,0.8871944182095806,-0.46139577837011464,19536.893751903037,2.5042301878789672,0.5187373604308582,20.052593335864184,11.241218560050894,2.848261810931201,3.6622011931367076,0.5187373604308582,16.65158557644926,21.32631808698727,21.255250820107285,471581,420779,2114.7130044843047,1886.9013452914799,16.240373578787697,25238.109551569512,21247,11.27601920271097,229
139,558635,0,10.736719400499583,1,1,12642.4,1110.6,124,16,3,0,5,0.04032258064516129,19.0,0.7661290322580645,30,66,-0.8660254037844385,-0.5000000000000004,1.3755181459502779,11.383396362326671,0.994858873078574,0.1012710356263317,9191.009247839465,1.0792993010135752,0.9796565046577601,21.325691291244,8.584484719935965,2.106862187049872,1.0792993010135752,16.180414873924857,0.9796565046577601,11.009300694062786,10.200619954266562,1047866,947472,8450.532258064517,7640.903225806452,14.487802770871689,102045.33685483868,60503,10.24871741897096,7341
139,558635,1,10.20512073272273,1,1,13919.3,1145.2,136,16,3,0,4,0.029411764705882353,18.75,0.5514705882352942,30,66,-0.8660254037844385,-0.5000000000000004,1.5144473936060956,12.154470834788683,0.994858873078574,0.1012710356263317,9191.009247839465,1.0792993010135752,0.9796565046577601,21.325691291244,8.584484719935965,2.106862187049872,1.0792993010135752,16.180414873924857,0.9796565046577601,11.009300694062786,10.200619954266562,1051498,936645,7731.60294117647,6887.095588235294,14.5349347910586,93545.2564705882,60503,10.24871741897096,7341
